ID,Name,About,Contact Details,Ad Hoc,House ID,Premium,Minister ID,Created At,Updated At,Active,Last Active Year,Monitored
396,Impeachment Committee for Section 89 Enquiry,,"<p><strong>Secretaries&nbsp;of Committee</strong>:</p>

<p>Thembinkosi Ngoma</p>

<p>Tel: 021 403 3733</p>

<p>Cell: 083 709 8407</p>

<p>Email:&nbsp;tngoma@parliament.gov.za</p>",false,3,false,,"May 25, 2026, 4:01 PM","June 22, 2026, 3:21 PM",true,,true
49,International Relations,"<p><strong>Oversight responsibility of International Relations and Cooperation Portfolio Committee</strong></p>

<p>The International Relations and Cooperation Portfolio Committee is responsible for oversight of the <a href=""http://www.dirco.gov.za/"">Department of<strong> </strong>International Relations and Cooperation</a><strong>&nbsp;</strong>(DIRCO)&nbsp;as well as the following statutory entities:</p>

<p>African Renaissance and International Cooperation Fund</p>

<p>The Committee is mandated to:&nbsp;</p>

<ul>
	<li>consider, amend and/or initiate legislation that is specific to, or impacts on International Relations and Cooperation<strong>.</strong></li>
	<li>consider and review the strategic plans and budgets of the Department and its entities.</li>
	<li>monitor and oversee the activities, financial and non-financial performance of the Ministry and its entities.</li>
	<li>monitor and oversee the implementation of the Department&rsquo;s policies and legislation</li>
	<li>consider sector-related international treaties and agreements; and</li>
	<li>provide a platform for the public to participate and present views on specific topics and/or legislation in relation to South Africa&rsquo;s foreign policy agenda.&nbsp;</li>
</ul>

<p>Learn more about the work of this Committee:&nbsp;<a href=""https://pmg.org.za/page/LegacyReports"" target=""_blank"">Legacy Reports</a></p>

<p><strong>The role and functions of Committees in Parliament</strong><br />
In accordance with the powers given to it by the Constitution, the National Assembly establishes a range of committees with assigned powers and functions.&nbsp;</p>

<p>There is a portfolio committee for each corresponding government department. A committee deliberates on bills covering the department&rsquo;s area of jurisdiction and scrutinises and report on its annual budget and strategic plan. As the people&rsquo;s representatives, Members of the committees determine whether government departments are delivering on what they promised and whether they are spending the public money they receive in a responsible manner. As part of their oversight work, committees may also do site visits where they find out directly from the people at ground level whether the government is delivering on its promises.</p>

<p>If a committee reports on a matter and makes certain recommendations, that report will be debated in a full sitting or plenary to give other Members of the House an opportunity to engage with the content of the report. Once the report has been debated, the House decides whether to adopt the committee&rsquo;s recommendations. The House may also decide only to note the report, or it may refer the report back to the committee with an instruction to do further work.&nbsp;</p>

<p><strong>Committee Membership</strong></p>

<p>Committee membership is distributed among the parties roughly in proportion to the seats they get in Parliament, so if a party wins 20% of the seats, its MPs will occupy about 20% of committee positions</p>

<p>NA Committee are comprised of 11 Members. The composition is as follows: ANC (5); DA (3); MK (2); EFF (1) &amp; other parties (4). The four largest parties were given permanent positions, and the 14 other parties are grouped together to share the remaining slots.</p>

<p>Read more:&nbsp;&nbsp;<a href=""https://pmg.org.za/blog/Committees%20in%20the%20Seventh%20Parliament:%20Critical%20Forums%20for%20Oversight"">Committees in the Seventh Parliament: Critical Forums for Oversight</a></p>

<p><br />
<strong>Working in Committees allows Parliament to:</strong></p>

<ul>
	<li>Increase the amount of work that can be done</li>
	<li>Ensure that issues can be debated in more detail than in plenary sessions</li>
	<li>Increase the level of participation of Members of Parliament (MPs) in discussions</li>
	<li>Enable MPs to develop expertise and in-depth knowledge of the specific Committee&#39;s area of work</li>
	<li>Provide a platform for the public to present views directly to MPs, something which is not possible in a plenary sitting of Parliament</li>
	<li>Provide an environment for Parliament to hear evidence and collect information related to the work of a specific Committee</li>
</ul>

<p><strong>Powers</strong></p>

<p>Rule 167 of the&nbsp;<a href=""https://pmg.org.za/page/rules-parliament-guide-procedure"" target=""_blank"">National Assembly Rules (9th Edition)</a>&nbsp;say that for the purposes of performing its functions&nbsp; committee may, subject to the Constitution, legislation, the other provisions of these rules and resolutions of the Assembly:&nbsp;</p>

<ul>
	<li>Summon any person to appear before it to give evidence on oath or affirmation, or to produce documents</li>
	<li>Receive petitions, representations or submissions from interested persons or institutions</li>
	<li>Permit oral evidence on petitions, representations, submissions and any other matter before the committee</li>
	<li>Conduct public hearings</li>
	<li>Consult any Assembly or Council committee or subcommittee, or any joint committee or subcommittee</li>
	<li>Determine its own working arrangements</li>
	<li>Meet at a venue determined by it, which may be a venue beyond the seat of Parliament</li>
	<li>Meet on any and at any time, including on a day which is not a working day; on a day on which the Assembly is not sitting; at a time when the Assembly is not sitting, or during a recess.&nbsp;</li>
	<li>Exercise any other powers assigned to it by the Constitution, legislation, the other provisions of these rules or resolutions of the Assembly</li>
</ul>

<p><strong>Committees in Practice</strong></p>

<p>With the agreement of members, the Committee staff sets the dates and times of committee meetings. The frequency of committee meetings is determined by a committee&rsquo;s work programme but it is normal for a committee to meet weekly. From time to time, committees can meet more than once a week if they work programme so demands.</p>

<p>Section 59(1)(b) of the Constitution requires that the National Assembly and its committees conduct their business in an open manner and hold their sittings in public. Section 59(2) states that the National Assembly may not exclude the public or the media unless it is &lsquo;<em>reasonable and justifiable to do so in an open and democratic society&rsquo;.&nbsp;</em>Rule 184(2) of the Rules of the National Assembly further require that any decision to exclude the public from a committee meeting or part thereof must be taken &lsquo;after due consideration&rsquo; by that committee</p>

<p><strong>Who attends Committee Meetings:</strong></p>

<ul>
	<li>MPs (those assigned to the committee and if they so wish, any other MP)</li>
	<li>Committee Staff: Committee Secretary, Committee Assistant, Researcher, Content Advisor</li>
	<li>Departments, entities, organizations, individuals and experts who are invited by the Committee to speak and be questioned</li>
	<li>Parliamentary Legal Advisor (from time to time)</li>
	<li>Media</li>
	<li>General Public</li>
</ul>

<p><br />
&nbsp;</p>

<p><strong>THE DIFFERENT COMMITTEES OF PARLIAMENT</strong><br />
<br />
<strong>Portfolio Committees</strong><br />
The National Assembly (NA) appoints from among its members a number of Portfolio Committees to shadow the work of the various national government departments.</p>

<p><strong>Select Committees</strong><br />
The National Council of Provinces (NCOP) appoints from its permanent members a number of Select Committees to shadow the work of the various national government departments and to deal with Bills.<br />
<br />
Because only 54 of the 90 NCOP Members are permanent delegates compared to the 400 of the NA, the Select Committees oversee the work of more than one national government department.<br />
<br />
<strong>Public Accounts Committees</strong><br />
The National Assembly Standing Committee on Public Accounts acts as Parliament&#39;s watchdog over the way taxpayers&#39; money is spent by the Executive. Every year the Auditor-General tables reports on the accounts and financial management of the various government departments and State institutions.<br />
<br />
Heads of government departments and institutions are regularly called by this committee to report and account for expenditure. The Committee can recommend that the National Assembly takes corrective actions if necessary.<br />
<br />
<strong>Internal Committees</strong><br />
The National Assembly has a number of internal committees that deal with matters affecting the running of Parliament. The Committees normally consist of senior Members of Parliament. The Rules Committee and its sub-committees deal with House rules. There are structures to deal with support for Members, internal arrangements, disciplinary matters and powers and privileges of members. Other internal Committees are the Programme Committee that plans the work of the Assembly, the Disciplinary Committee, and the Committee of Chairpersons.<br />
<br />
The National Council of Provinces also has its own domestic Committees. The Rules Committee and its subcommittees deal with the NCOP rules. There are structures to deal with support for Members, internal arrangements, disciplinary matters and powers and privileges of members. The Programme Committee plans the work of the NCOP and the Committee of Chairpersons make recommendations about the functioning of Committees and other NCOP forums.<br />
<br />
<strong>Ad hoc Committees</strong><br />
Parliament or one of its Houses may appoint an ad hoc (temporary) Committee when a special task must be done. When the task is complete, the Committee is dissolved.<br />
<br />
<strong>Joint Committees</strong><br />
The National Assembly and the National Council of Provinces together appoint several joint committees. There are currently six Joint Committees:<br />
<br />
<strong>Committees play a very important role in the process of building democracy and involving the public in the processes and activities of Parliament.</strong></p>

<p>&nbsp;</p>

<p>&nbsp;</p>","<p><strong>Secretary of Committee</strong>:</p>

<p>Lubabalo Sigwela</p>

<p>Tel: 021 403 3808</p>

<p>Cell: 083 709 8508</p>

<p>Email: lsigwela@parliament.gov.za</p>

<p><strong>Chairperson&rsquo;s Secretary</strong></p>

<p>Andisa Macanda</p>

<p>Tel: 021 403 2949</p>

<p>Cell:&nbsp;083 709 8463</p>

<p>Email:&nbsp;amacanda@parliament.gov.za</p>

<p>&nbsp;</p>",false,3,true,16,"October 8, 2015, 1:27 PM","September 13, 2024, 12:36 PM",true,,true
42,Public Accounts (SCOPA),"<p>The Standing Committee on Public Accounts (SCOPA) considers:</p>

<ul>
	<li>financial statements of all executive organs of state and constitutional institutions or other public bodies when those statements are submitted to Parliament&nbsp;</li>
	<li>any audit reports issued on those statements</li>
	<li>any reports issued by the Auditor-General on the affairs of any executive organ of state, constitutional institution or other public body</li>
	<li>any other financial statements or reports referred to the committee in terms of the Rules of the National Assembly&nbsp;</li>
</ul>

<p>SCOPA may:</p>

<ul>
	<li>report on any of those financial statements or reports to the Assembly</li>
	<li>initiate any investigation in its area of competence</li>
	<li>perform any other functions, tasks or duties assigned to it in terms of the Constitution, legislation, Rules of the National Assembly, the Joint Rules or resolutions of the Assembly, including functions, tasks and duties concerning parliamentary financial oversight or supervision of executve organs of state, constitutional institutions or other public bodies&nbsp;</li>
</ul>

<p>&nbsp;</p>

<p><strong>The role and functions of Committees in Parliament</strong><br />
In accordance with the powers given to it by the Constitution, the National Assembly establishes a range of committees with assigned powers and functions.&nbsp;</p>

<p>There is a portfolio committee for each corresponding government department. A committee deliberates on bills covering the department&rsquo;s area of jurisdiction and scrutinises and report on its annual budget and strategic plan. As the people&rsquo;s representatives, Members of the committees determine whether government departments are delivering on what they promised and whether they are spending the public money they receive in a responsible manner. As part of their oversight work, committees may also do site visits where they find out directly from the people at ground level whether the government is delivering on its promises.</p>

<p>If a committee reports on a matter and makes certain recommendations, that report will be debated in a full sitting or plenary to give other Members of the House an opportunity to engage with the content of the report. Once the report has been debated, the House decides whether to adopt the committee&rsquo;s recommendations. The House may also decide only to note the report, or it may refer the report back to the committee with an instruction to do further work.&nbsp;</p>

<p><strong>Committee Membership</strong></p>

<p>Committee membership is distributed among the parties roughly in proportion to the seats they get in Parliament, so if a party wins 20% of the seats, its MPs will occupy about 20% of committee positions</p>

<p>NA Committee are comprised of 11 Members. The composition is as follows: ANC (5); DA (3); MK (2); EFF (1) &amp; other parties (4). The four largest parties were given permanent positions, and the 14 other parties are grouped together to share the remaining slots.</p>

<p>Read more:&nbsp;&nbsp;<a href=""https://pmg.org.za/blog/Committees%20in%20the%20Seventh%20Parliament:%20Critical%20Forums%20for%20Oversight"">Committees in the Seventh Parliament: Critical Forums for Oversight</a></p>

<p><br />
<strong>Working in Committees allows Parliament to:</strong></p>

<ul>
	<li>Increase the amount of work that can be done</li>
	<li>Ensure that issues can be debated in more detail than in plenary sessions</li>
	<li>Increase the level of participation of Members of Parliament (MPs) in discussions</li>
	<li>Enable MPs to develop expertise and in-depth knowledge of the specific Committee&#39;s area of work</li>
	<li>Provide a platform for the public to present views directly to MPs, something which is not possible in a plenary sitting of Parliament</li>
	<li>Provide an environment for Parliament to hear evidence and collect information related to the work of a specific Committee</li>
</ul>

<p><strong>Powers</strong></p>

<p>Rule 167 of the&nbsp;<a href=""https://pmg.org.za/page/rules-parliament-guide-procedure"" target=""_blank"">National Assembly Rules (9th Edition)</a>&nbsp;say that for the purposes of performing its functions&nbsp; committee may, subject to the Constitution, legislation, the other provisions of these rules and resolutions of the Assembly:&nbsp;</p>

<ul>
	<li>Summon any person to appear before it to give evidence on oath or affirmation, or to produce documents</li>
	<li>Receive petitions, representations or submissions from interested persons or institutions</li>
	<li>Permit oral evidence on petitions, representations, submissions and any other matter before the committee</li>
	<li>Conduct public hearings</li>
	<li>Consult any Assembly or Council committee or subcommittee, or any joint committee or subcommittee</li>
	<li>Determine its own working arrangements</li>
	<li>Meet at a venue determined by it, which may be a venue beyond the seat of Parliament</li>
	<li>Meet on any and at any time, including on a day which is not a working day; on a day on which the Assembly is not sitting; at a time when the Assembly is not sitting, or during a recess.&nbsp;</li>
	<li>Exercise any other powers assigned to it by the Constitution, legislation, the other provisions of these rules or resolutions of the Assembly</li>
</ul>

<p><strong>Committees in Practice</strong></p>

<p>With the agreement of members, the Committee staff sets the dates and times of committee meetings. The frequency of committee meetings is determined by a committee&rsquo;s work programme but it is normal for a committee to meet weekly. From time to time, committees can meet more than once a week if they work programme so demands.</p>

<p>Section 59(1)(b) of the Constitution requires that the National Assembly and its committees conduct their business in an open manner and hold their sittings in public. Section 59(2) states that the National Assembly may not exclude the public or the media unless it is &lsquo;<em>reasonable and justifiable to do so in an open and democratic society&rsquo;.&nbsp;</em>Rule 184(2) of the Rules of the National Assembly further require that any decision to exclude the public from a committee meeting or part thereof must be taken &lsquo;after due consideration&rsquo; by that committee</p>

<p><strong>Who attends Committee Meetings:</strong></p>

<ul>
	<li>MPs (those assigned to the committee and if they so wish, any other MP)</li>
	<li>Committee Staff: Committee Secretary, Committee Assistant, Researcher, Content Advisor</li>
	<li>Departments, entities, organizations, individuals and experts who are invited by the Committee to speak and be questioned</li>
	<li>Parliamentary Legal Advisor (from time to time)</li>
	<li>Media</li>
	<li>General Public</li>
</ul>

<p><br />
&nbsp;</p>

<p><strong>THE DIFFERENT COMMITTEES OF PARLIAMENT</strong><br />
<br />
<strong>Portfolio Committees</strong><br />
The National Assembly (NA) appoints from among its members a number of Portfolio Committees to shadow the work of the various national government departments.</p>

<p><strong>Select Committees</strong><br />
The National Council of Provinces (NCOP) appoints from its permanent members a number of Select Committees to shadow the work of the various national government departments and to deal with Bills.<br />
<br />
Because only 54 of the 90 NCOP Members are permanent delegates compared to the 400 of the NA, the Select Committees oversee the work of more than one national government department.<br />
<br />
<strong>Public Accounts Committees</strong><br />
The National Assembly Standing Committee on Public Accounts acts as Parliament&#39;s watchdog over the way taxpayers&#39; money is spent by the Executive. Every year the Auditor-General tables reports on the accounts and financial management of the various government departments and State institutions.<br />
<br />
Heads of government departments and institutions are regularly called by this committee to report and account for expenditure. The Committee can recommend that the National Assembly takes corrective actions if necessary.<br />
<br />
<strong>Internal Committees</strong><br />
The National Assembly has a number of internal committees that deal with matters affecting the running of Parliament. The Committees normally consist of senior Members of Parliament. The Rules Committee and its sub-committees deal with House rules. There are structures to deal with support for Members, internal arrangements, disciplinary matters and powers and privileges of members. Other internal Committees are the Programme Committee that plans the work of the Assembly, the Disciplinary Committee, and the Committee of Chairpersons.<br />
<br />
The National Council of Provinces also has its own domestic Committees. The Rules Committee and its subcommittees deal with the NCOP rules. There are structures to deal with support for Members, internal arrangements, disciplinary matters and powers and privileges of members. The Programme Committee plans the work of the NCOP and the Committee of Chairpersons make recommendations about the functioning of Committees and other NCOP forums.<br />
<br />
<strong>Ad hoc Committees</strong><br />
Parliament or one of its Houses may appoint an ad hoc (temporary) Committee when a special task must be done. When the task is complete, the Committee is dissolved.<br />
<br />
<strong>Joint Committees</strong><br />
The National Assembly and the National Council of Provinces together appoint several joint committees. There are currently six Joint Committees:<br />
<br />
<strong>Committees play a very important role in the process of building democracy and involving the public in the processes and activities of Parliament.</strong></p>

<p>&nbsp;</p>

<p>&nbsp;</p>

<p>&nbsp;</p>

<p>&nbsp;</p>

<p>&nbsp;</p>

<p>&nbsp;</p>

<p>&nbsp;</p>

<p>&nbsp;</p>

<p>&nbsp;</p>

<p>&nbsp;</p>

<p>&nbsp;</p>","<p><strong>Secretaries&nbsp;of Committee</strong></p>

<p>Ntombi Nkabinde</p>

<p>Tel: 021 403 2376</p>

<p>Cell: 083 709 8474</p>

<p>Email: nnkabinde@parliament.gov.za</p>

<p>Denzil Bowman</p>

<p>Cell: 083 406 2238</p>

<p>Email: dbowman@parliament.gov.za</p>

<p><strong>Chairperson&rsquo;s Secretary</strong></p>

<p>Mmabasotho Motumi</p>

<p>Tel: 021 403 8701</p>

<p>Cell:&nbsp;061 472 9021</p>

<p>Email:&nbsp;mmotumi@parliament.gov.za</p>

<p>&nbsp;</p>",false,3,false,,"October 8, 2015, 1:27 PM","August 26, 2025, 1:17 PM",true,,true
50,Standing Committee on Auditor General,"<p>The Standing Committee on the Auditor-General is established in terms of Section 10(3) of the Public Audit Act, 2004. The Committee must maintain oversight over the <a href=""https://www.agsa.co.za/"">Auditor-General</a> and perform the functions and exercise the other powers as specified in the Public Audit Act, 2004. The Assembly may by resolution assign any other function, task or duty to the Standing Committee of the Auditor-General within its area of competence.&nbsp;</p>

<p>Learn more about the work of this Committee:&nbsp;<a href=""https://pmg.org.za/page/LegacyReports"" target=""_blank"">Legacy Reports</a></p>

<p><strong>The role and functions of Committees in Parliament</strong><br />
In accordance with the powers given to it by the Constitution, the National Assembly establishes a range of committees with assigned powers and functions.&nbsp;</p>

<p>There is a portfolio committee for each corresponding government department. A committee deliberates on bills covering the department&rsquo;s area of jurisdiction and scrutinises and report on its annual budget and strategic plan. As the people&rsquo;s representatives, Members of the committees determine whether government departments are delivering on what they promised and whether they are spending the public money they receive in a responsible manner. As part of their oversight work, committees may also do site visits where they find out directly from the people at ground level whether the government is delivering on its promises.</p>

<p>If a committee reports on a matter and makes certain recommendations, that report will be debated in a full sitting or plenary to give other Members of the House an opportunity to engage with the content of the report. Once the report has been debated, the House decides whether to adopt the committee&rsquo;s recommendations. The House may also decide only to note the report, or it may refer the report back to the committee with an instruction to do further work.&nbsp;</p>

<p><strong>Committee Membership</strong></p>

<p>Committee membership is distributed among the parties roughly in proportion to the seats they get in Parliament, so if a party wins 20% of the seats, its MPs will occupy about 20% of committee positions</p>

<p>NA Committee are comprised of 11 Members. The composition is as follows: ANC (5); DA (3); MK (2); EFF (1) &amp; other parties (4). The four largest parties were given permanent positions, and the 14 other parties are grouped together to share the remaining slots.</p>

<p>Read more:&nbsp;&nbsp;<a href=""https://pmg.org.za/blog/Committees%20in%20the%20Seventh%20Parliament:%20Critical%20Forums%20for%20Oversight"">Committees in the Seventh Parliament: Critical Forums for Oversight</a></p>

<p><br />
<strong>Working in Committees allows Parliament to:</strong></p>

<ul>
	<li>Increase the amount of work that can be done</li>
	<li>Ensure that issues can be debated in more detail than in plenary sessions</li>
	<li>Increase the level of participation of Members of Parliament (MPs) in discussions</li>
	<li>Enable MPs to develop expertise and in-depth knowledge of the specific Committee&#39;s area of work</li>
	<li>Provide a platform for the public to present views directly to MPs, something which is not possible in a plenary sitting of Parliament</li>
	<li>Provide an environment for Parliament to hear evidence and collect information related to the work of a specific Committee</li>
</ul>

<p><strong>Powers</strong></p>

<p>Rule 167 of the&nbsp;<a href=""https://pmg.org.za/page/rules-parliament-guide-procedure"" target=""_blank"">National Assembly Rules (9th Edition)</a>&nbsp;say that for the purposes of performing its functions&nbsp; committee may, subject to the Constitution, legislation, the other provisions of these rules and resolutions of the Assembly:&nbsp;</p>

<ul>
	<li>Summon any person to appear before it to give evidence on oath or affirmation, or to produce documents</li>
	<li>Receive petitions, representations or submissions from interested persons or institutions</li>
	<li>Permit oral evidence on petitions, representations, submissions and any other matter before the committee</li>
	<li>Conduct public hearings</li>
	<li>Consult any Assembly or Council committee or subcommittee, or any joint committee or subcommittee</li>
	<li>Determine its own working arrangements</li>
	<li>Meet at a venue determined by it, which may be a venue beyond the seat of Parliament</li>
	<li>Meet on any and at any time, including on a day which is not a working day; on a day on which the Assembly is not sitting; at a time when the Assembly is not sitting, or during a recess.&nbsp;</li>
	<li>Exercise any other powers assigned to it by the Constitution, legislation, the other provisions of these rules or resolutions of the Assembly</li>
</ul>

<p><strong>Committees in Practice</strong></p>

<p>With the agreement of members, the Committee staff sets the dates and times of committee meetings. The frequency of committee meetings is determined by a committee&rsquo;s work programme but it is normal for a committee to meet weekly. From time to time, committees can meet more than once a week if they work programme so demands.</p>

<p>Section 59(1)(b) of the Constitution requires that the National Assembly and its committees conduct their business in an open manner and hold their sittings in public. Section 59(2) states that the National Assembly may not exclude the public or the media unless it is &lsquo;<em>reasonable and justifiable to do so in an open and democratic society&rsquo;.&nbsp;</em>Rule 184(2) of the Rules of the National Assembly further require that any decision to exclude the public from a committee meeting or part thereof must be taken &lsquo;after due consideration&rsquo; by that committee</p>

<p><strong>Who attends Committee Meetings:</strong></p>

<ul>
	<li>MPs (those assigned to the committee and if they so wish, any other MP)</li>
	<li>Committee Staff: Committee Secretary, Committee Assistant, Researcher, Content Advisor</li>
	<li>Departments, entities, organizations, individuals and experts who are invited by the Committee to speak and be questioned</li>
	<li>Parliamentary Legal Advisor (from time to time)</li>
	<li>Media</li>
	<li>General Public</li>
</ul>

<p><br />
&nbsp;</p>

<p><strong>THE DIFFERENT COMMITTEES OF PARLIAMENT</strong><br />
<br />
<strong>Portfolio Committees</strong><br />
The National Assembly (NA) appoints from among its members a number of Portfolio Committees to shadow the work of the various national government departments.</p>

<p><strong>Select Committees</strong><br />
The National Council of Provinces (NCOP) appoints from its permanent members a number of Select Committees to shadow the work of the various national government departments and to deal with Bills.<br />
<br />
Because only 54 of the 90 NCOP Members are permanent delegates compared to the 400 of the NA, the Select Committees oversee the work of more than one national government department.<br />
<br />
<strong>Public Accounts Committees</strong><br />
The National Assembly Standing Committee on Public Accounts acts as Parliament&#39;s watchdog over the way taxpayers&#39; money is spent by the Executive. Every year the Auditor-General tables reports on the accounts and financial management of the various government departments and State institutions.<br />
<br />
Heads of government departments and institutions are regularly called by this committee to report and account for expenditure. The Committee can recommend that the National Assembly takes corrective actions if necessary.<br />
<br />
<strong>Internal Committees</strong><br />
The National Assembly has a number of internal committees that deal with matters affecting the running of Parliament. The Committees normally consist of senior Members of Parliament. The Rules Committee and its sub-committees deal with House rules. There are structures to deal with support for Members, internal arrangements, disciplinary matters and powers and privileges of members. Other internal Committees are the Programme Committee that plans the work of the Assembly, the Disciplinary Committee, and the Committee of Chairpersons.<br />
<br />
The National Council of Provinces also has its own domestic Committees. The Rules Committee and its subcommittees deal with the NCOP rules. There are structures to deal with support for Members, internal arrangements, disciplinary matters and powers and privileges of members. The Programme Committee plans the work of the NCOP and the Committee of Chairpersons make recommendations about the functioning of Committees and other NCOP forums.<br />
<br />
<strong>Ad hoc Committees</strong><br />
Parliament or one of its Houses may appoint an ad hoc (temporary) Committee when a special task must be done. When the task is complete, the Committee is dissolved.<br />
<br />
<strong>Joint Committees</strong><br />
The National Assembly and the National Council of Provinces together appoint several joint committees. There are currently six Joint Committees:<br />
<br />
<strong>Committees play a very important role in the process of building democracy and involving the public in the processes and activities of Parliament.</strong></p>","<p><strong>Secretary of Committee:&nbsp;</strong><br />
<br />
Zubeida Arnold<br />
<br />
Cell: 082 930 9297<br />
<br />
Email:zarnold@parliament.gov.za</p>

<p><strong>Chairperson&rsquo;s Secretary</strong></p>

<p>Mmabasotho Motumi</p>

<p>Tel: 021 403 8701</p>

<p>Cell:&nbsp;061 472 9021</p>

<p>Email:&nbsp;mmotumi@parliament.gov.za</p>

<p>&nbsp;</p>",false,3,false,,"October 8, 2015, 1:27 PM","August 26, 2025, 1:23 PM",true,,true
3,Electricity and Energy,"<p><strong>Oversight responsibility of Electricity and Energy Portfolio Committee</strong></p>

<p>The Electricity and Energy Portfolio Committee oversees the Department of Electricity and Energy, and its statutory entities:</p>

<p><a href=""http://www.nnr.co.za/"">National Nuclear Regulator&nbsp;</a><br />
<a href=""https://www.nrwdi.org.za/"">National Radioactive Waste Disposal Institute&nbsp;</a><br />
<a href=""https://www.sanedi.org.za/"">South African National Energy Development Institute</a>&nbsp;(SANEDI)</p>

<p>The Committee is mandated to:&nbsp;</p>

<ul>
	<li>consider, amend and/or initiate legislation that is specific to, or impacts on Energy and electricity supply</li>
	<li>consider and review the strategic plans and budgets of the Department and its entities.</li>
	<li>monitor and oversee the activities, financial and non-financial performance of the Ministry of Correctional Services and its entities.</li>
	<li>monitor and oversee the implementation of the Department&rsquo;s policies and legislation</li>
	<li>consider sector-related international treaties and agreements; and</li>
	<li>provide a platform for the public to participate and present views on specific topics and/or legislation in relation to the energy sector.</li>
</ul>

<p><strong>The role and functions of Committees in Parliament</strong><br />
In accordance with the powers given to it by the Constitution, the National Assembly establishes a range of committees with assigned powers and functions.&nbsp;</p>

<p>There is a portfolio committee for each corresponding government department. A committee deliberates on bills covering the department&rsquo;s area of jurisdiction and scrutinises and report on its annual budget and strategic plan. As the people&rsquo;s representatives, Members of the committees determine whether government departments are delivering on what they promised and whether they are spending the public money they receive in a responsible manner. As part of their oversight work, committees may also do site visits where they find out directly from the people at ground level whether the government is delivering on its promises.</p>

<p>If a committee reports on a matter and makes certain recommendations, that report will be debated in a full sitting or plenary to give other Members of the House an opportunity to engage with the content of the report. Once the report has been debated, the House decides whether to adopt the committee&rsquo;s recommendations. The House may also decide only to note the report, or it may refer the report back to the committee with an instruction to do further work.&nbsp;</p>

<p><strong>Committee Membership</strong></p>

<p>Committee membership is distributed among the parties roughly in proportion to the seats they get in Parliament, so if a party wins 20% of the seats, its MPs will occupy about 20% of committee positions</p>

<p>NA Committee are comprised of 11 Members. The composition is as follows: ANC (5); DA (3); MK (2); EFF (1) &amp; other parties (4). The four largest parties were given permanent positions, and the 14 other parties are grouped together to share the remaining slots.</p>

<p>Read more:&nbsp;&nbsp;<a href=""https://pmg.org.za/blog/Committees%20in%20the%20Seventh%20Parliament:%20Critical%20Forums%20for%20Oversight"">Committees in the Seventh Parliament: Critical Forums for Oversight</a></p>

<p><br />
<strong>Working in Committees allows Parliament to:</strong></p>

<ul>
	<li>Increase the amount of work that can be done</li>
	<li>Ensure that issues can be debated in more detail than in plenary sessions</li>
	<li>Increase the level of participation of Members of Parliament (MPs) in discussions</li>
	<li>Enable MPs to develop expertise and in-depth knowledge of the specific Committee&#39;s area of work</li>
	<li>Provide a platform for the public to present views directly to MPs, something which is not possible in a plenary sitting of Parliament</li>
	<li>Provide an environment for Parliament to hear evidence and collect information related to the work of a specific Committee</li>
</ul>

<p><strong>Powers</strong></p>

<p>Rule 167 of the&nbsp;<a href=""https://pmg.org.za/page/rules-parliament-guide-procedure"" target=""_blank"">National Assembly Rules (9th Edition)</a>&nbsp;say that for the purposes of performing its functions&nbsp; committee may, subject to the Constitution, legislation, the other provisions of these rules and resolutions of the Assembly:&nbsp;</p>

<ul>
	<li>Summon any person to appear before it to give evidence on oath or affirmation, or to produce documents</li>
	<li>Receive petitions, representations or submissions from interested persons or institutions</li>
	<li>Permit oral evidence on petitions, representations, submissions and any other matter before the committee</li>
	<li>Conduct public hearings</li>
	<li>Consult any Assembly or Council committee or subcommittee, or any joint committee or subcommittee</li>
	<li>Determine its own working arrangements</li>
	<li>Meet at a venue determined by it, which may be a venue beyond the seat of Parliament</li>
	<li>Meet on any and at any time, including on a day which is not a working day; on a day on which the Assembly is not sitting; at a time when the Assembly is not sitting, or during a recess.&nbsp;</li>
	<li>Exercise any other powers assigned to it by the Constitution, legislation, the other provisions of these rules or resolutions of the Assembly</li>
</ul>

<p><strong>Committees in Practice</strong></p>

<p>With the agreement of members, the Committee staff sets the dates and times of committee meetings. The frequency of committee meetings is determined by a committee&rsquo;s work programme but it is normal for a committee to meet weekly. From time to time, committees can meet more than once a week if they work programme so demands.</p>

<p>Section 59(1)(b) of the Constitution requires that the National Assembly and its committees conduct their business in an open manner and hold their sittings in public. Section 59(2) states that the National Assembly may not exclude the public or the media unless it is &lsquo;<em>reasonable and justifiable to do so in an open and democratic society&rsquo;.&nbsp;</em>Rule 184(2) of the Rules of the National Assembly further require that any decision to exclude the public from a committee meeting or part thereof must be taken &lsquo;after due consideration&rsquo; by that committee</p>

<p><strong>Who attends Committee Meetings:</strong></p>

<ul>
	<li>MPs (those assigned to the committee and if they so wish, any other MP)</li>
	<li>Committee Staff: Committee Secretary, Committee Assistant, Researcher, Content Advisor</li>
	<li>Departments, entities, organizations, individuals and experts who are invited by the Committee to speak and be questioned</li>
	<li>Parliamentary Legal Advisor (from time to time)</li>
	<li>Media</li>
	<li>General Public</li>
</ul>

<p><br />
&nbsp;</p>

<p><strong>THE DIFFERENT COMMITTEES OF PARLIAMENT</strong><br />
<br />
<strong>Portfolio Committees</strong><br />
The National Assembly (NA) appoints from among its members a number of Portfolio Committees to shadow the work of the various national government departments.</p>

<p><strong>Select Committees</strong><br />
The National Council of Provinces (NCOP) appoints from its permanent members a number of Select Committees to shadow the work of the various national government departments and to deal with Bills.<br />
<br />
Because only 54 of the 90 NCOP Members are permanent delegates compared to the 400 of the NA, the Select Committees oversee the work of more than one national government department.<br />
<br />
<strong>Public Accounts Committees</strong><br />
The National Assembly Standing Committee on Public Accounts acts as Parliament&#39;s watchdog over the way taxpayers&#39; money is spent by the Executive. Every year the Auditor-General tables reports on the accounts and financial management of the various government departments and State institutions.<br />
<br />
Heads of government departments and institutions are regularly called by this committee to report and account for expenditure. The Committee can recommend that the National Assembly takes corrective actions if necessary.<br />
<br />
<strong>Internal Committees</strong><br />
The National Assembly has a number of internal committees that deal with matters affecting the running of Parliament. The Committees normally consist of senior Members of Parliament. The Rules Committee and its sub-committees deal with House rules. There are structures to deal with support for Members, internal arrangements, disciplinary matters and powers and privileges of members. Other internal Committees are the Programme Committee that plans the work of the Assembly, the Disciplinary Committee, and the Committee of Chairpersons.<br />
<br />
The National Council of Provinces also has its own domestic Committees. The Rules Committee and its subcommittees deal with the NCOP rules. There are structures to deal with support for Members, internal arrangements, disciplinary matters and powers and privileges of members. The Programme Committee plans the work of the NCOP and the Committee of Chairpersons make recommendations about the functioning of Committees and other NCOP forums.<br />
<br />
<strong>Ad hoc Committees</strong><br />
Parliament or one of its Houses may appoint an ad hoc (temporary) Committee when a special task must be done. When the task is complete, the Committee is dissolved.<br />
<br />
<strong>Joint Committees</strong><br />
The National Assembly and the National Council of Provinces together appoint several joint committees. There are currently six Joint Committees:<br />
<br />
<strong>Committees play a very important role in the process of building democracy and involving the public in the processes and activities of Parliament.</strong></p>

<p>&nbsp;</p>","<p><strong>Secretary of Committee</strong>:</p>

<p>Arico Kotze</p>

<p>Tel: 021 403 3662</p>

<p>Cell: 083 709 8470</p>

<p>Email: akotze@parliament.gov.za</p>

<p><strong>Chairperson&rsquo;s Secretary</strong></p>

<p>Letitia Titus</p>

<p>Cell:&nbsp;083 436 0970</p>

<p>Email:&nbsp;ltitus@parliament.gov.za</p>",false,3,true,41,"October 8, 2015, 1:27 PM","September 13, 2024, 12:10 PM",true,,true
110,Home Affairs,"<p><strong>Oversight responsibility of Home Affairs Portfolio Committee</strong></p>

<p>The Home Affairs Portfolio Committee is responsible for oversight of the <a href=""http://www.dha.gov.za/"">Department of<strong> </strong>Home Affairs<strong> </strong></a>as well as the following statutory entities:</p>

<p><a href=""http://www.gpwonline.co.za/"">Government Printing Works</a></p>

<p><a href=""https://www.elections.org.za/"">Independent Electoral Commission</a> (IEC)</p>

<p>The Committee is mandated to:&nbsp;</p>

<ul>
	<li>consider, amend and/or initiate legislation that is specific to, or impacts on Home Affairs<strong>.</strong></li>
	<li>consider and review the strategic plans and budgets of the Department and its entities.</li>
	<li>monitor and oversee the activities, financial and non-financial performance of the Ministry and its entities.</li>
	<li>monitor and oversee the implementation of the Department&rsquo;s policies and legislation</li>
	<li>consider sector-related international treaties and agreements; and</li>
	<li>provide a platform for the public to participate and present views on specific topics and/or legislation in relation to home affairs.</li>
</ul>

<p>Learn more about the work of this Committee:&nbsp;<a href=""https://pmg.org.za/page/LegacyReports"" target=""_blank"">Legacy Reports</a></p>

<p><strong>The role and functions of Committees in Parliament</strong><br />
In accordance with the powers given to it by the Constitution, the National Assembly establishes a range of committees with assigned powers and functions.&nbsp;</p>

<p>There is a portfolio committee for each corresponding government department. A committee deliberates on bills covering the department&rsquo;s area of jurisdiction and scrutinises and report on its annual budget and strategic plan. As the people&rsquo;s representatives, Members of the committees determine whether government departments are delivering on what they promised and whether they are spending the public money they receive in a responsible manner. As part of their oversight work, committees may also do site visits where they find out directly from the people at ground level whether the government is delivering on its promises.</p>

<p>If a committee reports on a matter and makes certain recommendations, that report will be debated in a full sitting or plenary to give other Members of the House an opportunity to engage with the content of the report. Once the report has been debated, the House decides whether to adopt the committee&rsquo;s recommendations. The House may also decide only to note the report, or it may refer the report back to the committee with an instruction to do further work.&nbsp;</p>

<p><strong>Committee Membership</strong></p>

<p>Committee membership is distributed among the parties roughly in proportion to the seats they get in Parliament, so if a party wins 20% of the seats, its MPs will occupy about 20% of committee positions</p>

<p>NA Committee are comprised of 11 Members. The composition is as follows: ANC (5); DA (3); MK (2); EFF (1) &amp; other parties (4). The four largest parties were given permanent positions, and the 14 other parties are grouped together to share the remaining slots.</p>

<p>Read more:&nbsp;&nbsp;<a href=""https://pmg.org.za/blog/Committees%20in%20the%20Seventh%20Parliament:%20Critical%20Forums%20for%20Oversight"">Committees in the Seventh Parliament: Critical Forums for Oversight</a></p>

<p><br />
<strong>Working in Committees allows Parliament to:</strong></p>

<ul>
	<li>Increase the amount of work that can be done</li>
	<li>Ensure that issues can be debated in more detail than in plenary sessions</li>
	<li>Increase the level of participation of Members of Parliament (MPs) in discussions</li>
	<li>Enable MPs to develop expertise and in-depth knowledge of the specific Committee&#39;s area of work</li>
	<li>Provide a platform for the public to present views directly to MPs, something which is not possible in a plenary sitting of Parliament</li>
	<li>Provide an environment for Parliament to hear evidence and collect information related to the work of a specific Committee</li>
</ul>

<p><strong>Powers</strong></p>

<p>Rule 167 of the&nbsp;<a href=""https://pmg.org.za/page/rules-parliament-guide-procedure"" target=""_blank"">National Assembly Rules (9th Edition)</a>&nbsp;say that for the purposes of performing its functions&nbsp; committee may, subject to the Constitution, legislation, the other provisions of these rules and resolutions of the Assembly:&nbsp;</p>

<ul>
	<li>Summon any person to appear before it to give evidence on oath or affirmation, or to produce documents</li>
	<li>Receive petitions, representations or submissions from interested persons or institutions</li>
	<li>Permit oral evidence on petitions, representations, submissions and any other matter before the committee</li>
	<li>Conduct public hearings</li>
	<li>Consult any Assembly or Council committee or subcommittee, or any joint committee or subcommittee</li>
	<li>Determine its own working arrangements</li>
	<li>Meet at a venue determined by it, which may be a venue beyond the seat of Parliament</li>
	<li>Meet on any and at any time, including on a day which is not a working day; on a day on which the Assembly is not sitting; at a time when the Assembly is not sitting, or during a recess.&nbsp;</li>
	<li>Exercise any other powers assigned to it by the Constitution, legislation, the other provisions of these rules or resolutions of the Assembly</li>
</ul>

<p><strong>Committees in Practice</strong></p>

<p>With the agreement of members, the Committee staff sets the dates and times of committee meetings. The frequency of committee meetings is determined by a committee&rsquo;s work programme but it is normal for a committee to meet weekly. From time to time, committees can meet more than once a week if they work programme so demands.</p>

<p>Section 59(1)(b) of the Constitution requires that the National Assembly and its committees conduct their business in an open manner and hold their sittings in public. Section 59(2) states that the National Assembly may not exclude the public or the media unless it is &lsquo;<em>reasonable and justifiable to do so in an open and democratic society&rsquo;.&nbsp;</em>Rule 184(2) of the Rules of the National Assembly further require that any decision to exclude the public from a committee meeting or part thereof must be taken &lsquo;after due consideration&rsquo; by that committee</p>

<p><strong>Who attends Committee Meetings:</strong></p>

<ul>
	<li>MPs (those assigned to the committee and if they so wish, any other MP)</li>
	<li>Committee Staff: Committee Secretary, Committee Assistant, Researcher, Content Advisor</li>
	<li>Departments, entities, organizations, individuals and experts who are invited by the Committee to speak and be questioned</li>
	<li>Parliamentary Legal Advisor (from time to time)</li>
	<li>Media</li>
	<li>General Public</li>
</ul>

<p><br />
&nbsp;</p>

<p><strong>THE DIFFERENT COMMITTEES OF PARLIAMENT</strong><br />
<br />
<strong>Portfolio Committees</strong><br />
The National Assembly (NA) appoints from among its members a number of Portfolio Committees to shadow the work of the various national government departments.</p>

<p><strong>Select Committees</strong><br />
The National Council of Provinces (NCOP) appoints from its permanent members a number of Select Committees to shadow the work of the various national government departments and to deal with Bills.<br />
<br />
Because only 54 of the 90 NCOP Members are permanent delegates compared to the 400 of the NA, the Select Committees oversee the work of more than one national government department.<br />
<br />
<strong>Public Accounts Committees</strong><br />
The National Assembly Standing Committee on Public Accounts acts as Parliament&#39;s watchdog over the way taxpayers&#39; money is spent by the Executive. Every year the Auditor-General tables reports on the accounts and financial management of the various government departments and State institutions.<br />
<br />
Heads of government departments and institutions are regularly called by this committee to report and account for expenditure. The Committee can recommend that the National Assembly takes corrective actions if necessary.<br />
<br />
<strong>Internal Committees</strong><br />
The National Assembly has a number of internal committees that deal with matters affecting the running of Parliament. The Committees normally consist of senior Members of Parliament. The Rules Committee and its sub-committees deal with House rules. There are structures to deal with support for Members, internal arrangements, disciplinary matters and powers and privileges of members. Other internal Committees are the Programme Committee that plans the work of the Assembly, the Disciplinary Committee, and the Committee of Chairpersons.<br />
<br />
The National Council of Provinces also has its own domestic Committees. The Rules Committee and its subcommittees deal with the NCOP rules. There are structures to deal with support for Members, internal arrangements, disciplinary matters and powers and privileges of members. The Programme Committee plans the work of the NCOP and the Committee of Chairpersons make recommendations about the functioning of Committees and other NCOP forums.<br />
<br />
<strong>Ad hoc Committees</strong><br />
Parliament or one of its Houses may appoint an ad hoc (temporary) Committee when a special task must be done. When the task is complete, the Committee is dissolved.<br />
<br />
<strong>Joint Committees</strong><br />
The National Assembly and the National Council of Provinces together appoint several joint committees. There are currently six Joint Committees:<br />
<br />
<strong>Committees play a very important role in the process of building democracy and involving the public in the processes and activities of Parliament.</strong></p>","<p><strong>Secretary of Committee</strong>:</p>

<p>Eddie Mathonsi</p>

<p>Tel: 021 403 3826</p>

<p>Cell: 083 709 8523&nbsp;</p>

<p>Email: emathonsi@parliament.gov.za</p>

<p><strong>Chairperson&rsquo;s Secretary</strong></p>

<p>Babalwa Nkangana</p>

<p>Tel:021 403 3125</p>

<p>Cell:&nbsp;083 709 8493</p>

<p>Email:&nbsp;bnkangana@parilament.gov.za</p>

<p>&nbsp;</p>",false,3,false,14,"October 8, 2015, 1:27 PM","September 13, 2024, 12:29 PM",true,,true
51,"Women, Youth and Persons with Disabilities","<p>The Women, Youth and Persons with Disabilities Portfolio Committee is responsible for oversight of the Department of&nbsp;Women, Youth and Persons with Disabilities<strong>&nbsp;</strong>(DWYPD)&nbsp;as well as the following statutory entities:</p>

<p>Commission for Gender Equality (<a href=""https://www.cge.org.za/"">CGE</a>)</p>

<p>National Youth Development Agency (<a href=""http://www.nyda.gov.za/"">NYDA</a>)&nbsp; &nbsp;</p>

<p>The Committee is mandated to:&nbsp;</p>

<ul>
	<li>consider, amend and/or initiate legislation that is specific to, or impacts on Women, Youth and Persons with Disabilities<strong>.</strong></li>
	<li>consider and review the strategic plans and budgets of the Department and its entities.</li>
	<li>monitor and oversee the activities, financial and non-financial performance of the Ministry and its entities.</li>
	<li>monitor and oversee the implementation of the Department&rsquo;s policies and legislation</li>
	<li>consider sector-related international treaties and agreements; and</li>
	<li>provide a platform for the public to participate and present views on specific topics and/or legislation in relation to women, youth and persons with disabilities.&nbsp;</li>
</ul>

<p>Learn more about the work of this Committee:&nbsp;<a href=""https://pmg.org.za/page/LegacyReports"" target=""_blank"">Legacy Reports</a></p>

<p><strong>The role and functions of Committees in Parliament</strong><br />
In accordance with the powers given to it by the Constitution, the National Assembly establishes a range of committees with assigned powers and functions.&nbsp;</p>

<p>There is a portfolio committee for each corresponding government department. A committee deliberates on bills covering the department&rsquo;s area of jurisdiction and scrutinises and report on its annual budget and strategic plan. As the people&rsquo;s representatives, Members of the committees determine whether government departments are delivering on what they promised and whether they are spending the public money they receive in a responsible manner. As part of their oversight work, committees may also do site visits where they find out directly from the people at ground level whether the government is delivering on its promises.</p>

<p>If a committee reports on a matter and makes certain recommendations, that report will be debated in a full sitting or plenary to give other Members of the House an opportunity to engage with the content of the report. Once the report has been debated, the House decides whether to adopt the committee&rsquo;s recommendations. The House may also decide only to note the report, or it may refer the report back to the committee with an instruction to do further work.&nbsp;</p>

<p><strong>Committee Membership</strong></p>

<p>Committee membership is distributed among the parties roughly in proportion to the seats they get in Parliament, so if a party wins 20% of the seats, its MPs will occupy about 20% of committee positions</p>

<p>NA Committee are comprised of 11 Members. The composition is as follows: ANC (5); DA (3); MK (2); EFF (1) &amp; other parties (4). The four largest parties were given permanent positions, and the 14 other parties are grouped together to share the remaining slots.</p>

<p>Read more:&nbsp;&nbsp;<a href=""https://pmg.org.za/blog/Committees%20in%20the%20Seventh%20Parliament:%20Critical%20Forums%20for%20Oversight"">Committees in the Seventh Parliament: Critical Forums for Oversight</a></p>

<p><br />
<strong>Working in Committees allows Parliament to:</strong></p>

<ul>
	<li>Increase the amount of work that can be done</li>
	<li>Ensure that issues can be debated in more detail than in plenary sessions</li>
	<li>Increase the level of participation of Members of Parliament (MPs) in discussions</li>
	<li>Enable MPs to develop expertise and in-depth knowledge of the specific Committee&#39;s area of work</li>
	<li>Provide a platform for the public to present views directly to MPs, something which is not possible in a plenary sitting of Parliament</li>
	<li>Provide an environment for Parliament to hear evidence and collect information related to the work of a specific Committee</li>
</ul>

<p><strong>Powers</strong></p>

<p>Rule 167 of the&nbsp;<a href=""https://pmg.org.za/page/rules-parliament-guide-procedure"" target=""_blank"">National Assembly Rules (9th Edition)</a>&nbsp;say that for the purposes of performing its functions&nbsp; committee may, subject to the Constitution, legislation, the other provisions of these rules and resolutions of the Assembly:&nbsp;</p>

<ul>
	<li>Summon any person to appear before it to give evidence on oath or affirmation, or to produce documents</li>
	<li>Receive petitions, representations or submissions from interested persons or institutions</li>
	<li>Permit oral evidence on petitions, representations, submissions and any other matter before the committee</li>
	<li>Conduct public hearings</li>
	<li>Consult any Assembly or Council committee or subcommittee, or any joint committee or subcommittee</li>
	<li>Determine its own working arrangements</li>
	<li>Meet at a venue determined by it, which may be a venue beyond the seat of Parliament</li>
	<li>Meet on any and at any time, including on a day which is not a working day; on a day on which the Assembly is not sitting; at a time when the Assembly is not sitting, or during a recess.&nbsp;</li>
	<li>Exercise any other powers assigned to it by the Constitution, legislation, the other provisions of these rules or resolutions of the Assembly</li>
</ul>

<p><strong>Committees in Practice</strong></p>

<p>With the agreement of members, the Committee staff sets the dates and times of committee meetings. The frequency of committee meetings is determined by a committee&rsquo;s work programme but it is normal for a committee to meet weekly. From time to time, committees can meet more than once a week if they work programme so demands.</p>

<p>Section 59(1)(b) of the Constitution requires that the National Assembly and its committees conduct their business in an open manner and hold their sittings in public. Section 59(2) states that the National Assembly may not exclude the public or the media unless it is &lsquo;<em>reasonable and justifiable to do so in an open and democratic society&rsquo;.&nbsp;</em>Rule 184(2) of the Rules of the National Assembly further require that any decision to exclude the public from a committee meeting or part thereof must be taken &lsquo;after due consideration&rsquo; by that committee</p>

<p><strong>Who attends Committee Meetings:</strong></p>

<ul>
	<li>MPs (those assigned to the committee and if they so wish, any other MP)</li>
	<li>Committee Staff: Committee Secretary, Committee Assistant, Researcher, Content Advisor</li>
	<li>Departments, entities, organizations, individuals and experts who are invited by the Committee to speak and be questioned</li>
	<li>Parliamentary Legal Advisor (from time to time)</li>
	<li>Media</li>
	<li>General Public</li>
</ul>

<p><br />
&nbsp;</p>

<p><strong>THE DIFFERENT COMMITTEES OF PARLIAMENT</strong><br />
<br />
<strong>Portfolio Committees</strong><br />
The National Assembly (NA) appoints from among its members a number of Portfolio Committees to shadow the work of the various national government departments.</p>

<p><strong>Select Committees</strong><br />
The National Council of Provinces (NCOP) appoints from its permanent members a number of Select Committees to shadow the work of the various national government departments and to deal with Bills.<br />
<br />
Because only 54 of the 90 NCOP Members are permanent delegates compared to the 400 of the NA, the Select Committees oversee the work of more than one national government department.<br />
<br />
<strong>Public Accounts Committees</strong><br />
The National Assembly Standing Committee on Public Accounts acts as Parliament&#39;s watchdog over the way taxpayers&#39; money is spent by the Executive. Every year the Auditor-General tables reports on the accounts and financial management of the various government departments and State institutions.<br />
<br />
Heads of government departments and institutions are regularly called by this committee to report and account for expenditure. The Committee can recommend that the National Assembly takes corrective actions if necessary.<br />
<br />
<strong>Internal Committees</strong><br />
The National Assembly has a number of internal committees that deal with matters affecting the running of Parliament. The Committees normally consist of senior Members of Parliament. The Rules Committee and its sub-committees deal with House rules. There are structures to deal with support for Members, internal arrangements, disciplinary matters and powers and privileges of members. Other internal Committees are the Programme Committee that plans the work of the Assembly, the Disciplinary Committee, and the Committee of Chairpersons.<br />
<br />
The National Council of Provinces also has its own domestic Committees. The Rules Committee and its subcommittees deal with the NCOP rules. There are structures to deal with support for Members, internal arrangements, disciplinary matters and powers and privileges of members. The Programme Committee plans the work of the NCOP and the Committee of Chairpersons make recommendations about the functioning of Committees and other NCOP forums.<br />
<br />
<strong>Ad hoc Committees</strong><br />
Parliament or one of its Houses may appoint an ad hoc (temporary) Committee when a special task must be done. When the task is complete, the Committee is dissolved.<br />
<br />
<strong>Joint Committees</strong><br />
The National Assembly and the National Council of Provinces together appoint several joint committees. There are currently six Joint Committees:<br />
<br />
<strong>Committees play a very important role in the process of building democracy and involving the public in the processes and activities of Parliament.</strong></p>","<p><strong>Secretary of Committee</strong></p>

<p>Yolanda Sili</p>

<p>Cell: 083 709 8500</p>

<p>Email:&nbsp;ysili@parliament.gov.za</p>",false,3,false,34,"October 8, 2015, 1:27 PM","April 28, 2026, 6:50 AM",true,,true
23,"Science, Technology and Innovation","<p><strong>Oversight responsibility of Science, Technology and Innovation</strong><strong>&nbsp;Portfolio Committee</strong></p>

<p>The Science, Technology and Innovation Portfolio Committee oversees the Department of Science, Technology and Innovation, and its statutory entities;</p>

<p><a href=""https://www.assaf.org.za/"">Academy of Science SA</a>&nbsp;(ASSAf)</p>

<p><a href=""https://www.csir.co.za/"">Council for Scientific and Industrial Research (CSIR)</a></p>

<p><a href=""http://www.hsrc.ac.za/"">Human Science Research Council (HSRC)</a></p>

<p><a href=""http://www.naci.org.za/"">National Advisory Council on Innovation</a></p>

<p><a href=""https://www.nrf.ac.za/"">National Research Foundation (NRF)</a></p>

<p><a href=""https://www.sacnasp.org.za/"">SA Council for Natural Scientific Professions</a></p>

<p><a href=""https://www.sansa.org.za/"">SA National Space Agency</a></p>

<p><a href=""https://www.tia.org.za/"">Technology Innovation Agency</a></p>

<p>The Committee is mandated to:&nbsp;</p>

<ul>
	<li>consider, amend and/or initiate legislation that is specific to, or impacts on Science, Technology and Innovation<strong>.</strong></li>
	<li>consider and review the strategic plans and budgets of the Department and its entities.</li>
	<li>monitor and oversee the activities, financial and non-financial performance of the Ministry and its entities.</li>
	<li>monitor and oversee the implementation of the Department&rsquo;s policies and legislation</li>
	<li>consider sector-related international treaties and agreements; and</li>
	<li>provide a platform for the public to participate and present views on specific topics and/or legislation in relation to the science, technology and innovation sectors.</li>
</ul>

<p>Learn more about the work of this Committee:&nbsp;<a href=""https://pmg.org.za/page/LegacyReports"" target=""_blank"">Legacy Reports</a></p>

<p><strong>The role and functions of Committees in Parliament</strong><br />
In accordance with the powers given to it by the Constitution, the National Assembly establishes a range of committees with assigned powers and functions.&nbsp;</p>

<p>There is a portfolio committee for each corresponding government department. A committee deliberates on bills covering the department&rsquo;s area of jurisdiction and scrutinises and report on its annual budget and strategic plan. As the people&rsquo;s representatives, Members of the committees determine whether government departments are delivering on what they promised and whether they are spending the public money they receive in a responsible manner. As part of their oversight work, committees may also do site visits where they find out directly from the people at ground level whether the government is delivering on its promises.</p>

<p>If a committee reports on a matter and makes certain recommendations, that report will be debated in a full sitting or plenary to give other Members of the House an opportunity to engage with the content of the report. Once the report has been debated, the House decides whether to adopt the committee&rsquo;s recommendations. The House may also decide only to note the report, or it may refer the report back to the committee with an instruction to do further work.&nbsp;</p>

<p><strong>Committee Membership</strong></p>

<p>Committee membership is distributed among the parties roughly in proportion to the seats they get in Parliament, so if a party wins 20% of the seats, its MPs will occupy about 20% of committee positions</p>

<p>NA Committee are comprised of 11 Members. The composition is as follows: ANC (5); DA (3); MK (2); EFF (1) &amp; other parties (4). The four largest parties were given permanent positions, and the 14 other parties are grouped together to share the remaining slots.</p>

<p>Read more:&nbsp;&nbsp;<a href=""https://pmg.org.za/blog/Committees%20in%20the%20Seventh%20Parliament:%20Critical%20Forums%20for%20Oversight"">Committees in the Seventh Parliament: Critical Forums for Oversight</a></p>

<p><br />
<strong>Working in Committees allows Parliament to:</strong></p>

<ul>
	<li>Increase the amount of work that can be done</li>
	<li>Ensure that issues can be debated in more detail than in plenary sessions</li>
	<li>Increase the level of participation of Members of Parliament (MPs) in discussions</li>
	<li>Enable MPs to develop expertise and in-depth knowledge of the specific Committee&#39;s area of work</li>
	<li>Provide a platform for the public to present views directly to MPs, something which is not possible in a plenary sitting of Parliament</li>
	<li>Provide an environment for Parliament to hear evidence and collect information related to the work of a specific Committee</li>
</ul>

<p><strong>Powers</strong></p>

<p>Rule 167 of the&nbsp;<a href=""https://pmg.org.za/page/rules-parliament-guide-procedure"" target=""_blank"">National Assembly Rules (9th Edition)</a>&nbsp;say that for the purposes of performing its functions&nbsp; committee may, subject to the Constitution, legislation, the other provisions of these rules and resolutions of the Assembly:&nbsp;</p>

<ul>
	<li>Summon any person to appear before it to give evidence on oath or affirmation, or to produce documents</li>
	<li>Receive petitions, representations or submissions from interested persons or institutions</li>
	<li>Permit oral evidence on petitions, representations, submissions and any other matter before the committee</li>
	<li>Conduct public hearings</li>
	<li>Consult any Assembly or Council committee or subcommittee, or any joint committee or subcommittee</li>
	<li>Determine its own working arrangements</li>
	<li>Meet at a venue determined by it, which may be a venue beyond the seat of Parliament</li>
	<li>Meet on any and at any time, including on a day which is not a working day; on a day on which the Assembly is not sitting; at a time when the Assembly is not sitting, or during a recess.&nbsp;</li>
	<li>Exercise any other powers assigned to it by the Constitution, legislation, the other provisions of these rules or resolutions of the Assembly</li>
</ul>

<p><strong>Committees in Practice</strong></p>

<p>With the agreement of members, the Committee staff sets the dates and times of committee meetings. The frequency of committee meetings is determined by a committee&rsquo;s work programme but it is normal for a committee to meet weekly. From time to time, committees can meet more than once a week if they work programme so demands.</p>

<p>Section 59(1)(b) of the Constitution requires that the National Assembly and its committees conduct their business in an open manner and hold their sittings in public. Section 59(2) states that the National Assembly may not exclude the public or the media unless it is &lsquo;<em>reasonable and justifiable to do so in an open and democratic society&rsquo;.&nbsp;</em>Rule 184(2) of the Rules of the National Assembly further require that any decision to exclude the public from a committee meeting or part thereof must be taken &lsquo;after due consideration&rsquo; by that committee</p>

<p><strong>Who attends Committee Meetings:</strong></p>

<ul>
	<li>MPs (those assigned to the committee and if they so wish, any other MP)</li>
	<li>Committee Staff: Committee Secretary, Committee Assistant, Researcher, Content Advisor</li>
	<li>Departments, entities, organizations, individuals and experts who are invited by the Committee to speak and be questioned</li>
	<li>Parliamentary Legal Advisor (from time to time)</li>
	<li>Media</li>
	<li>General Public</li>
</ul>

<p><br />
&nbsp;</p>

<p><strong>THE DIFFERENT COMMITTEES OF PARLIAMENT</strong><br />
<br />
<strong>Portfolio Committees</strong><br />
The National Assembly (NA) appoints from among its members a number of Portfolio Committees to shadow the work of the various national government departments.</p>

<p><strong>Select Committees</strong><br />
The National Council of Provinces (NCOP) appoints from its permanent members a number of Select Committees to shadow the work of the various national government departments and to deal with Bills.<br />
<br />
Because only 54 of the 90 NCOP Members are permanent delegates compared to the 400 of the NA, the Select Committees oversee the work of more than one national government department.<br />
<br />
<strong>Public Accounts Committees</strong><br />
The National Assembly Standing Committee on Public Accounts acts as Parliament&#39;s watchdog over the way taxpayers&#39; money is spent by the Executive. Every year the Auditor-General tables reports on the accounts and financial management of the various government departments and State institutions.<br />
<br />
Heads of government departments and institutions are regularly called by this committee to report and account for expenditure. The Committee can recommend that the National Assembly takes corrective actions if necessary.<br />
<br />
<strong>Internal Committees</strong><br />
The National Assembly has a number of internal committees that deal with matters affecting the running of Parliament. The Committees normally consist of senior Members of Parliament. The Rules Committee and its sub-committees deal with House rules. There are structures to deal with support for Members, internal arrangements, disciplinary matters and powers and privileges of members. Other internal Committees are the Programme Committee that plans the work of the Assembly, the Disciplinary Committee, and the Committee of Chairpersons.<br />
<br />
The National Council of Provinces also has its own domestic Committees. The Rules Committee and its subcommittees deal with the NCOP rules. There are structures to deal with support for Members, internal arrangements, disciplinary matters and powers and privileges of members. The Programme Committee plans the work of the NCOP and the Committee of Chairpersons make recommendations about the functioning of Committees and other NCOP forums.<br />
<br />
<strong>Ad hoc Committees</strong><br />
Parliament or one of its Houses may appoint an ad hoc (temporary) Committee when a special task must be done. When the task is complete, the Committee is dissolved.<br />
<br />
<strong>Joint Committees</strong><br />
The National Assembly and the National Council of Provinces together appoint several joint committees. There are currently six Joint Committees:<br />
<br />
<strong>Committees play a very important role in the process of building democracy and involving the public in the processes and activities of Parliament.</strong></p>

<p>&nbsp;</p>","<p><strong>Secretary of Committee</strong></p>

<p>Shanaaz Isaacs</p>

<p>Tel: 021 403 3763</p>

<p>Cell: 083 709 8536</p>

<p>Email: sisaacs@parliament.gov.za</p>

<p>&nbsp;</p>",false,3,false,25,"October 8, 2015, 1:27 PM","July 15, 2024, 2:36 PM",true,,true
40,Correctional Services,"<p><strong>Oversight responsibility of Correctional Services Portfolio Committee</strong></p>

<p>The Correctional Services Portfolio Committee oversees the Department of Correctional Services and&nbsp;its statutory entities.</p>

<p>The Committee is mandated to:&nbsp;</p>

<ul>
	<li>consider, amend and/or initiate legislation that is specific to, or impacts on Correctional Services</li>
	<li>consider and review the strategic plans and budgets of the Department and its entities.</li>
	<li>monitor and oversee the activities, financial and non-financial performance of the Ministry of Correctional Services and its entities.</li>
	<li>monitor and oversee the implementation of the Department&rsquo;s policies and legislation</li>
	<li>consider sector-related international treaties and agreements; and</li>
	<li>provide a platform for the public to participate and present views on specific topics and/or legislation in relation to correctional services.</li>
</ul>

<p><strong>The role and functions of Committees in Parliament</strong><br />
In accordance with the powers given to it by the Constitution, the National Assembly establishes a range of committees with assigned powers and functions.&nbsp;</p>

<p>There is a portfolio committee for each corresponding government department. A committee deliberates on bills covering the department&rsquo;s area of jurisdiction and scrutinises and report on its annual budget and strategic plan. As the people&rsquo;s representatives, Members of the committees determine whether government departments are delivering on what they promised and whether they are spending the public money they receive in a responsible manner. As part of their oversight work, committees may also do site visits where they find out directly from the people at ground level whether the government is delivering on its promises.</p>

<p>If a committee reports on a matter and makes certain recommendations, that report will be debated in a full sitting or plenary to give other Members of the House an opportunity to engage with the content of the report. Once the report has been debated, the House decides whether to adopt the committee&rsquo;s recommendations. The House may also decide only to note the report, or it may refer the report back to the committee with an instruction to do further work.&nbsp;</p>

<p><strong>Committee Membership</strong></p>

<p>Committee membership is distributed among the parties roughly in proportion to the seats they get in Parliament, so if a party wins 20% of the seats, its MPs will occupy about 20% of committee positions</p>

<p>NA Committee are comprised of 11 Members. The composition is as follows: ANC (5); DA (3); MK (2); EFF (1) &amp; other parties (4). The four largest parties were given permanent positions, and the 14 other parties are grouped together to share the remaining slots.</p>

<p>Read more:&nbsp;&nbsp;<a href=""https://pmg.org.za/blog/Committees%20in%20the%20Seventh%20Parliament:%20Critical%20Forums%20for%20Oversight"">Committees in the Seventh Parliament: Critical Forums for Oversight</a></p>

<p><br />
<strong>Working in Committees allows Parliament to:</strong></p>

<ul>
	<li>Increase the amount of work that can be done</li>
	<li>Ensure that issues can be debated in more detail than in plenary sessions</li>
	<li>Increase the level of participation of Members of Parliament (MPs) in discussions</li>
	<li>Enable MPs to develop expertise and in-depth knowledge of the specific Committee&#39;s area of work</li>
	<li>Provide a platform for the public to present views directly to MPs, something which is not possible in a plenary sitting of Parliament</li>
	<li>Provide an environment for Parliament to hear evidence and collect information related to the work of a specific Committee</li>
</ul>

<p><strong>Powers</strong></p>

<p>Rule 167 of the&nbsp;<a href=""https://pmg.org.za/page/rules-parliament-guide-procedure"" target=""_blank"">National Assembly Rules (9th Edition)</a>&nbsp;say that for the purposes of performing its functions&nbsp; committee may, subject to the Constitution, legislation, the other provisions of these rules and resolutions of the Assembly:&nbsp;</p>

<ul>
	<li>Summon any person to appear before it to give evidence on oath or affirmation, or to produce documents</li>
	<li>Receive petitions, representations or submissions from interested persons or institutions</li>
	<li>Permit oral evidence on petitions, representations, submissions and any other matter before the committee</li>
	<li>Conduct public hearings</li>
	<li>Consult any Assembly or Council committee or subcommittee, or any joint committee or subcommittee</li>
	<li>Determine its own working arrangements</li>
	<li>Meet at a venue determined by it, which may be a venue beyond the seat of Parliament</li>
	<li>Meet on any and at any time, including on a day which is not a working day; on a day on which the Assembly is not sitting; at a time when the Assembly is not sitting, or during a recess.&nbsp;</li>
	<li>Exercise any other powers assigned to it by the Constitution, legislation, the other provisions of these rules or resolutions of the Assembly</li>
</ul>

<p><strong>Committees in Practice</strong></p>

<p>With the agreement of members, the Committee staff sets the dates and times of committee meetings. The frequency of committee meetings is determined by a committee&rsquo;s work programme but it is normal for a committee to meet weekly. From time to time, committees can meet more than once a week if they work programme so demands.</p>

<p>Section 59(1)(b) of the Constitution requires that the National Assembly and its committees conduct their business in an open manner and hold their sittings in public. Section 59(2) states that the National Assembly may not exclude the public or the media unless it is &lsquo;<em>reasonable and justifiable to do so in an open and democratic society&rsquo;.&nbsp;</em>Rule 184(2) of the Rules of the National Assembly further require that any decision to exclude the public from a committee meeting or part thereof must be taken &lsquo;after due consideration&rsquo; by that committee</p>

<p><strong>Who attends Committee Meetings:</strong></p>

<ul>
	<li>MPs (those assigned to the committee and if they so wish, any other MP)</li>
	<li>Committee Staff: Committee Secretary, Committee Assistant, Researcher, Content Advisor</li>
	<li>Departments, entities, organizations, individuals and experts who are invited by the Committee to speak and be questioned</li>
	<li>Parliamentary Legal Advisor (from time to time)</li>
	<li>Media</li>
	<li>General Public</li>
</ul>

<p><br />
&nbsp;</p>

<p><strong>THE DIFFERENT COMMITTEES OF PARLIAMENT</strong><br />
<br />
<strong>Portfolio Committees</strong><br />
The National Assembly (NA) appoints from among its members a number of Portfolio Committees to shadow the work of the various national government departments.</p>

<p><strong>Select Committees</strong><br />
The National Council of Provinces (NCOP) appoints from its permanent members a number of Select Committees to shadow the work of the various national government departments and to deal with Bills.<br />
<br />
Because only 54 of the 90 NCOP Members are permanent delegates compared to the 400 of the NA, the Select Committees oversee the work of more than one national government department.<br />
<br />
<strong>Public Accounts Committees</strong><br />
The National Assembly Standing Committee on Public Accounts acts as Parliament&#39;s watchdog over the way taxpayers&#39; money is spent by the Executive. Every year the Auditor-General tables reports on the accounts and financial management of the various government departments and State institutions.<br />
<br />
Heads of government departments and institutions are regularly called by this committee to report and account for expenditure. The Committee can recommend that the National Assembly takes corrective actions if necessary.<br />
<br />
<strong>Internal Committees</strong><br />
The National Assembly has a number of internal committees that deal with matters affecting the running of Parliament. The Committees normally consist of senior Members of Parliament. The Rules Committee and its sub-committees deal with House rules. There are structures to deal with support for Members, internal arrangements, disciplinary matters and powers and privileges of members. Other internal Committees are the Programme Committee that plans the work of the Assembly, the Disciplinary Committee, and the Committee of Chairpersons.<br />
<br />
The National Council of Provinces also has its own domestic Committees. The Rules Committee and its subcommittees deal with the NCOP rules. There are structures to deal with support for Members, internal arrangements, disciplinary matters and powers and privileges of members. The Programme Committee plans the work of the NCOP and the Committee of Chairpersons make recommendations about the functioning of Committees and other NCOP forums.<br />
<br />
<strong>Ad hoc Committees</strong><br />
Parliament or one of its Houses may appoint an ad hoc (temporary) Committee when a special task must be done. When the task is complete, the Committee is dissolved.<br />
<br />
<strong>Joint Committees</strong><br />
The National Assembly and the National Council of Provinces together appoint several joint committees. There are currently six Joint Committees:<br />
<br />
<strong>Committees play a very important role in the process of building democracy and involving the public in the processes and activities of Parliament.</strong></p>

<p>&nbsp;</p>","<p><strong>Secretary of Committee</strong>:</p>

<p>Siyabamkela Mthonjeni</p>

<p>Tel: 021 403 3734</p>

<p>Cell: 083 709 8390</p>

<p>Email: smthonjeni@parliament.gov.za</p>

<p><strong>Chairperson&rsquo;s Secretary</strong></p>

<p>Vera Magadana (Acting)</p>

<p>Cell:&nbsp;083 709 8484</p>

<p>Email:&nbsp;vmagadana@parliament.gov.za</p>",false,3,false,17,"October 8, 2015, 1:27 PM","September 13, 2024, 12:01 PM",true,,true
26,Transport,"<p><strong>Oversight responsibility of Transport Portfolio Committee</strong></p>

<p>The Transport Portfolio Committee is responsible for oversight of the Department of<strong> </strong>Transport<strong>&nbsp;</strong>(<a href=""https://www.transport.gov.za/"">DOT</a>)&nbsp;as well as the following statutory entities:</p>

<p><a href=""http://www.airports.co.za/"">Airports Company SA</a> (ACSA)</p>

<p><a href=""https://www.atns.com/"">Air Traffic and Navigation Services</a> (ATNS)</p>

<p><a href=""http://www.cbrta.co.za/"">Cross Border Road Transport Agency</a> (CBRTA)</p>

<p><a href=""https://www.prasa.com/"">Passenger Rail Agency of SA</a> (PRASA)</p>

<p><a href=""https://www.portsregulator.org/"">Ports Regulator of SA</a></p>

<p><a href=""https://rsr.org.za/"">Railway Safety Regulator of SA</a> (RSR)</p>

<p><a href=""http://www.rtmc.co.za/"">Road Traffic Management Corporation</a> (RTMC)</p>

<p><a href=""http://www.rtia.co.za/"">Road Traffic Infringement Agency</a> (RTIA)</p>

<p><a href=""http://www.raf.co.za/Pages/Default.aspx"">Road Accident Fund</a> (RAF)</p>

<p><a href=""http://www.caa.co.za/"">SA Civil Aviation Authority</a> (SACAA)</p>

<p><a href=""http://www.samsa.org.za/"">Maritime Safety Authority SA</a> (SAMSA)</p>

<p><a href=""https://www.nra.co.za/"">SA National Road Agency Limited</a> (SANRAL) &nbsp;&nbsp;</p>

<p>The Committee is mandated to:&nbsp;</p>

<ul>
	<li>consider, amend and/or initiate legislation that is specific to, or impacts on the transport sector<strong>.</strong></li>
	<li>consider and review the strategic plans and budgets of the Department and its entities.</li>
	<li>monitor and oversee the activities, financial and non-financial performance of the Ministry and its entities.</li>
	<li>monitor and oversee the implementation of the Department&rsquo;s policies and legislation</li>
	<li>consider sector-related international treaties and agreements; and</li>
	<li>provide a platform for the public to participate and present views on specific topics and/or legislation in relation to the transport sector.&nbsp;</li>
</ul>

<p>Learn more about the work of this Committee:&nbsp;<a href=""https://pmg.org.za/page/LegacyReports"" target=""_blank"">Legacy Reports</a></p>

<p><strong>The role and functions of Committees in Parliament</strong><br />
In accordance with the powers given to it by the Constitution, the National Assembly establishes a range of committees with assigned powers and functions.&nbsp;</p>

<p>There is a portfolio committee for each corresponding government department. A committee deliberates on bills covering the department&rsquo;s area of jurisdiction and scrutinises and report on its annual budget and strategic plan. As the people&rsquo;s representatives, Members of the committees determine whether government departments are delivering on what they promised and whether they are spending the public money they receive in a responsible manner. As part of their oversight work, committees may also do site visits where they find out directly from the people at ground level whether the government is delivering on its promises.</p>

<p>If a committee reports on a matter and makes certain recommendations, that report will be debated in a full sitting or plenary to give other Members of the House an opportunity to engage with the content of the report. Once the report has been debated, the House decides whether to adopt the committee&rsquo;s recommendations. The House may also decide only to note the report, or it may refer the report back to the committee with an instruction to do further work.&nbsp;</p>

<p><strong>Committee Membership</strong></p>

<p>Committee membership is distributed among the parties roughly in proportion to the seats they get in Parliament, so if a party wins 20% of the seats, its MPs will occupy about 20% of committee positions</p>

<p>NA Committee are comprised of 11 Members. The composition is as follows: ANC (5); DA (3); MK (2); EFF (1) &amp; other parties (4). The four largest parties were given permanent positions, and the 14 other parties are grouped together to share the remaining slots.</p>

<p>Read more:&nbsp;&nbsp;<a href=""https://pmg.org.za/blog/Committees%20in%20the%20Seventh%20Parliament:%20Critical%20Forums%20for%20Oversight"">Committees in the Seventh Parliament: Critical Forums for Oversight</a></p>

<p><br />
<strong>Working in Committees allows Parliament to:</strong></p>

<ul>
	<li>Increase the amount of work that can be done</li>
	<li>Ensure that issues can be debated in more detail than in plenary sessions</li>
	<li>Increase the level of participation of Members of Parliament (MPs) in discussions</li>
	<li>Enable MPs to develop expertise and in-depth knowledge of the specific Committee&#39;s area of work</li>
	<li>Provide a platform for the public to present views directly to MPs, something which is not possible in a plenary sitting of Parliament</li>
	<li>Provide an environment for Parliament to hear evidence and collect information related to the work of a specific Committee</li>
</ul>

<p><strong>Powers</strong></p>

<p>Rule 167 of the&nbsp;<a href=""https://pmg.org.za/page/rules-parliament-guide-procedure"" target=""_blank"">National Assembly Rules (9th Edition)</a>&nbsp;say that for the purposes of performing its functions&nbsp; committee may, subject to the Constitution, legislation, the other provisions of these rules and resolutions of the Assembly:&nbsp;</p>

<ul>
	<li>Summon any person to appear before it to give evidence on oath or affirmation, or to produce documents</li>
	<li>Receive petitions, representations or submissions from interested persons or institutions</li>
	<li>Permit oral evidence on petitions, representations, submissions and any other matter before the committee</li>
	<li>Conduct public hearings</li>
	<li>Consult any Assembly or Council committee or subcommittee, or any joint committee or subcommittee</li>
	<li>Determine its own working arrangements</li>
	<li>Meet at a venue determined by it, which may be a venue beyond the seat of Parliament</li>
	<li>Meet on any and at any time, including on a day which is not a working day; on a day on which the Assembly is not sitting; at a time when the Assembly is not sitting, or during a recess.&nbsp;</li>
	<li>Exercise any other powers assigned to it by the Constitution, legislation, the other provisions of these rules or resolutions of the Assembly</li>
</ul>

<p><strong>Committees in Practice</strong></p>

<p>With the agreement of members, the Committee staff sets the dates and times of committee meetings. The frequency of committee meetings is determined by a committee&rsquo;s work programme but it is normal for a committee to meet weekly. From time to time, committees can meet more than once a week if they work programme so demands.</p>

<p>Section 59(1)(b) of the Constitution requires that the National Assembly and its committees conduct their business in an open manner and hold their sittings in public. Section 59(2) states that the National Assembly may not exclude the public or the media unless it is &lsquo;<em>reasonable and justifiable to do so in an open and democratic society&rsquo;.&nbsp;</em>Rule 184(2) of the Rules of the National Assembly further require that any decision to exclude the public from a committee meeting or part thereof must be taken &lsquo;after due consideration&rsquo; by that committee</p>

<p><strong>Who attends Committee Meetings:</strong></p>

<ul>
	<li>MPs (those assigned to the committee and if they so wish, any other MP)</li>
	<li>Committee Staff: Committee Secretary, Committee Assistant, Researcher, Content Advisor</li>
	<li>Departments, entities, organizations, individuals and experts who are invited by the Committee to speak and be questioned</li>
	<li>Parliamentary Legal Advisor (from time to time)</li>
	<li>Media</li>
	<li>General Public</li>
</ul>

<p><br />
&nbsp;</p>

<p><strong>THE DIFFERENT COMMITTEES OF PARLIAMENT</strong><br />
<br />
<strong>Portfolio Committees</strong><br />
The National Assembly (NA) appoints from among its members a number of Portfolio Committees to shadow the work of the various national government departments.</p>

<p><strong>Select Committees</strong><br />
The National Council of Provinces (NCOP) appoints from its permanent members a number of Select Committees to shadow the work of the various national government departments and to deal with Bills.<br />
<br />
Because only 54 of the 90 NCOP Members are permanent delegates compared to the 400 of the NA, the Select Committees oversee the work of more than one national government department.<br />
<br />
<strong>Public Accounts Committees</strong><br />
The National Assembly Standing Committee on Public Accounts acts as Parliament&#39;s watchdog over the way taxpayers&#39; money is spent by the Executive. Every year the Auditor-General tables reports on the accounts and financial management of the various government departments and State institutions.<br />
<br />
Heads of government departments and institutions are regularly called by this committee to report and account for expenditure. The Committee can recommend that the National Assembly takes corrective actions if necessary.<br />
<br />
<strong>Internal Committees</strong><br />
The National Assembly has a number of internal committees that deal with matters affecting the running of Parliament. The Committees normally consist of senior Members of Parliament. The Rules Committee and its sub-committees deal with House rules. There are structures to deal with support for Members, internal arrangements, disciplinary matters and powers and privileges of members. Other internal Committees are the Programme Committee that plans the work of the Assembly, the Disciplinary Committee, and the Committee of Chairpersons.<br />
<br />
The National Council of Provinces also has its own domestic Committees. The Rules Committee and its subcommittees deal with the NCOP rules. There are structures to deal with support for Members, internal arrangements, disciplinary matters and powers and privileges of members. The Programme Committee plans the work of the NCOP and the Committee of Chairpersons make recommendations about the functioning of Committees and other NCOP forums.<br />
<br />
<strong>Ad hoc Committees</strong><br />
Parliament or one of its Houses may appoint an ad hoc (temporary) Committee when a special task must be done. When the task is complete, the Committee is dissolved.<br />
<br />
<strong>Joint Committees</strong><br />
The National Assembly and the National Council of Provinces together appoint several joint committees. There are currently six Joint Committees:<br />
<br />
<strong>Committees play a very important role in the process of building democracy and involving the public in the processes and activities of Parliament.</strong></p>

<p>&nbsp;</p>

<p>&nbsp;</p>

<p>&nbsp;</p>","<p><strong>Secretary of Committee:</strong></p>

<p>Valerie Carelse</p>

<p>Tel: 021 403 3272</p>

<p>Cell: 083 709 8445</p>

<p>Email: vcarelse@parliament.gov.za</p>

<p><strong>Chairperson&rsquo;s Secretary</strong></p>

<p>K Moseki</p>

<p>Cell:&nbsp;061 438 6569</p>

<p>Email:&nbsp;dmoseki@parliament.gov.za</p>

<p>&nbsp;</p>",false,3,true,32,"October 8, 2015, 1:27 PM","September 13, 2024, 2:24 PM",true,,true
38,Justice and Constitutional Development,"<p><strong>Oversight responsibility of Justice and Correctional Services Portfolio Committee</strong></p>

<p>The Justice and Correctional Services Portfolio Committee is responsible for oversight of the Department of<strong> </strong>Justice and Constitutional Development <a href=""https://www.justice.gov.za/"">(DOJ &amp; CD</a>) as well as the following statutory entities:</p>

<p><a href=""https://www.cfdc.org.za/"">Council for Debt Collectors</a><br />
<a href=""https://legal-aid.co.za/"">Legal Aid South Africa</a>&nbsp;(LASA)<br />
<a href=""https://www.npa.gov.za/"">National Prosecuting Authority</a>&nbsp;(NPA)&nbsp;<br />
<a href=""https://www.judiciary.org.za/"">Office of the Chief Justice</a>&nbsp;(OCJ)</p>

<p><a href=""http://www.pprotect.org/"">Public Protector</a></p>

<p>Rules Board for Courts of Law</p>

<p><a href=""http://www.sheriffs.org.za/"">South African Board for Sheriffs</a></p>

<p><a href=""https://www.sahrc.org.za/"">SA Human Rights Commission&nbsp;</a>&nbsp;(SAHRC)&nbsp;<br />
<a href=""https://www.siu.org.za/"">Special Investigating Unit</a>&nbsp;(SIU)</p>

<p>The Committee is mandated to:&nbsp;</p>

<ul>
	<li>consider, amend and/or initiate legislation that is specific to, or impacts on Justice and Constitutional Development<strong>.</strong></li>
	<li>consider and review the strategic plans and budgets of the Department and its entities.</li>
	<li>monitor and oversee the activities, financial and non-financial performance of the Ministry and its entities.</li>
	<li>monitor and oversee the implementation of the Department&rsquo;s policies and legislation</li>
	<li>consider sector-related international treaties and agreements; and</li>
	<li>provide a platform for the public to participate and present views on specific topics and/or legislation in relation to the justice sector.&nbsp;</li>
</ul>

<p>Learn more about the work of this Committee:&nbsp;<a href=""https://pmg.org.za/page/LegacyReports"" target=""_blank"">Legacy Reports</a></p>

<p><strong>The role and functions of Committees in Parliament</strong><br />
In accordance with the powers given to it by the Constitution, the National Assembly establishes a range of committees with assigned powers and functions.&nbsp;</p>

<p>There is a portfolio committee for each corresponding government department. A committee deliberates on bills covering the department&rsquo;s area of jurisdiction and scrutinises and report on its annual budget and strategic plan. As the people&rsquo;s representatives, Members of the committees determine whether government departments are delivering on what they promised and whether they are spending the public money they receive in a responsible manner. As part of their oversight work, committees may also do site visits where they find out directly from the people at ground level whether the government is delivering on its promises.</p>

<p>If a committee reports on a matter and makes certain recommendations, that report will be debated in a full sitting or plenary to give other Members of the House an opportunity to engage with the content of the report. Once the report has been debated, the House decides whether to adopt the committee&rsquo;s recommendations. The House may also decide only to note the report, or it may refer the report back to the committee with an instruction to do further work.&nbsp;</p>

<p><strong>Committee Membership</strong></p>

<p>Committee membership is distributed among the parties roughly in proportion to the seats they get in Parliament, so if a party wins 20% of the seats, its MPs will occupy about 20% of committee positions</p>

<p>NA Committee are comprised of 11 Members. The composition is as follows: ANC (5); DA (3); MK (2); EFF (1) &amp; other parties (4). The four largest parties were given permanent positions, and the 14 other parties are grouped together to share the remaining slots.</p>

<p>Read more:&nbsp;&nbsp;<a href=""https://pmg.org.za/blog/Committees%20in%20the%20Seventh%20Parliament:%20Critical%20Forums%20for%20Oversight"">Committees in the Seventh Parliament: Critical Forums for Oversight</a></p>

<p><br />
<strong>Working in Committees allows Parliament to:</strong></p>

<ul>
	<li>Increase the amount of work that can be done</li>
	<li>Ensure that issues can be debated in more detail than in plenary sessions</li>
	<li>Increase the level of participation of Members of Parliament (MPs) in discussions</li>
	<li>Enable MPs to develop expertise and in-depth knowledge of the specific Committee&#39;s area of work</li>
	<li>Provide a platform for the public to present views directly to MPs, something which is not possible in a plenary sitting of Parliament</li>
	<li>Provide an environment for Parliament to hear evidence and collect information related to the work of a specific Committee</li>
</ul>

<p><strong>Powers</strong></p>

<p>Rule 167 of the&nbsp;<a href=""https://pmg.org.za/page/rules-parliament-guide-procedure"" target=""_blank"">National Assembly Rules (9th Edition)</a>&nbsp;say that for the purposes of performing its functions&nbsp; committee may, subject to the Constitution, legislation, the other provisions of these rules and resolutions of the Assembly:&nbsp;</p>

<ul>
	<li>Summon any person to appear before it to give evidence on oath or affirmation, or to produce documents</li>
	<li>Receive petitions, representations or submissions from interested persons or institutions</li>
	<li>Permit oral evidence on petitions, representations, submissions and any other matter before the committee</li>
	<li>Conduct public hearings</li>
	<li>Consult any Assembly or Council committee or subcommittee, or any joint committee or subcommittee</li>
	<li>Determine its own working arrangements</li>
	<li>Meet at a venue determined by it, which may be a venue beyond the seat of Parliament</li>
	<li>Meet on any and at any time, including on a day which is not a working day; on a day on which the Assembly is not sitting; at a time when the Assembly is not sitting, or during a recess.&nbsp;</li>
	<li>Exercise any other powers assigned to it by the Constitution, legislation, the other provisions of these rules or resolutions of the Assembly</li>
</ul>

<p><strong>Committees in Practice</strong></p>

<p>With the agreement of members, the Committee staff sets the dates and times of committee meetings. The frequency of committee meetings is determined by a committee&rsquo;s work programme but it is normal for a committee to meet weekly. From time to time, committees can meet more than once a week if they work programme so demands.</p>

<p>Section 59(1)(b) of the Constitution requires that the National Assembly and its committees conduct their business in an open manner and hold their sittings in public. Section 59(2) states that the National Assembly may not exclude the public or the media unless it is &lsquo;<em>reasonable and justifiable to do so in an open and democratic society&rsquo;.&nbsp;</em>Rule 184(2) of the Rules of the National Assembly further require that any decision to exclude the public from a committee meeting or part thereof must be taken &lsquo;after due consideration&rsquo; by that committee</p>

<p><strong>Who attends Committee Meetings:</strong></p>

<ul>
	<li>MPs (those assigned to the committee and if they so wish, any other MP)</li>
	<li>Committee Staff: Committee Secretary, Committee Assistant, Researcher, Content Advisor</li>
	<li>Departments, entities, organizations, individuals and experts who are invited by the Committee to speak and be questioned</li>
	<li>Parliamentary Legal Advisor (from time to time)</li>
	<li>Media</li>
	<li>General Public</li>
</ul>

<p><br />
&nbsp;</p>

<p><strong>THE DIFFERENT COMMITTEES OF PARLIAMENT</strong><br />
<br />
<strong>Portfolio Committees</strong><br />
The National Assembly (NA) appoints from among its members a number of Portfolio Committees to shadow the work of the various national government departments.</p>

<p><strong>Select Committees</strong><br />
The National Council of Provinces (NCOP) appoints from its permanent members a number of Select Committees to shadow the work of the various national government departments and to deal with Bills.<br />
<br />
Because only 54 of the 90 NCOP Members are permanent delegates compared to the 400 of the NA, the Select Committees oversee the work of more than one national government department.<br />
<br />
<strong>Public Accounts Committees</strong><br />
The National Assembly Standing Committee on Public Accounts acts as Parliament&#39;s watchdog over the way taxpayers&#39; money is spent by the Executive. Every year the Auditor-General tables reports on the accounts and financial management of the various government departments and State institutions.<br />
<br />
Heads of government departments and institutions are regularly called by this committee to report and account for expenditure. The Committee can recommend that the National Assembly takes corrective actions if necessary.<br />
<br />
<strong>Internal Committees</strong><br />
The National Assembly has a number of internal committees that deal with matters affecting the running of Parliament. The Committees normally consist of senior Members of Parliament. The Rules Committee and its sub-committees deal with House rules. There are structures to deal with support for Members, internal arrangements, disciplinary matters and powers and privileges of members. Other internal Committees are the Programme Committee that plans the work of the Assembly, the Disciplinary Committee, and the Committee of Chairpersons.<br />
<br />
The National Council of Provinces also has its own domestic Committees. The Rules Committee and its subcommittees deal with the NCOP rules. There are structures to deal with support for Members, internal arrangements, disciplinary matters and powers and privileges of members. The Programme Committee plans the work of the NCOP and the Committee of Chairpersons make recommendations about the functioning of Committees and other NCOP forums.<br />
<br />
<strong>Ad hoc Committees</strong><br />
Parliament or one of its Houses may appoint an ad hoc (temporary) Committee when a special task must be done. When the task is complete, the Committee is dissolved.<br />
<br />
<strong>Joint Committees</strong><br />
The National Assembly and the National Council of Provinces together appoint several joint committees. There are currently six Joint Committees:<br />
<br />
<strong>Committees play a very important role in the process of building democracy and involving the public in the processes and activities of Parliament.</strong></p>

<p>&nbsp;</p>

<p>&nbsp;</p>

<p>&nbsp;</p>

<p>&nbsp;</p>

<p>&nbsp;</p>

<p>&nbsp;</p>","<p><strong>Secretary of Committee</strong>:</p>

<p>Vhonani Ramaano</p>

<p>Tel: 021 403 3820</p>

<p>Cell: 083 709 8427</p>

<p>Email: vramaano@parliament.gov.za</p>

<p><strong>Chairperson&rsquo;s Secretary</strong></p>

<p>Vera Magadana</p>

<p>Cell:&nbsp;083 709 8484</p>

<p>Email:&nbsp;vmagadana@parliament.gov.za</p>

<p>&nbsp;</p>",false,3,true,17,"October 8, 2015, 1:27 PM","August 12, 2025, 7:54 AM",true,,true
61,Standing Committee on Appropriations,"<p>The Standing Committee on Appropriations is established in terms of Section 4(3) of the Money Bills Amendment Procedure and Related Matters Act, 2009, and the Rules of the National Assembly. The Committee performs the functions and exercises the powers specified in this Act and Rules. It also&nbsp;performs other functions and&nbsp;duties assigned to in terms of the Constitution, legislation, Rules of the National Assembly, Joint Rules or resolutions of the Assembly. &nbsp;</p>

<p>Learn more about the work of this Committee:&nbsp;<a href=""https://pmg.org.za/page/LegacyReports"" target=""_blank"">Legacy Reports</a></p>

<p><strong>The role and functions of Committees in Parliament</strong><br />
In accordance with the powers given to it by the Constitution, the National Assembly establishes a range of committees with assigned powers and functions.&nbsp;</p>

<p>There is a portfolio committee for each corresponding government department. A committee deliberates on bills covering the department&rsquo;s area of jurisdiction and scrutinises and report on its annual budget and strategic plan. As the people&rsquo;s representatives, Members of the committees determine whether government departments are delivering on what they promised and whether they are spending the public money they receive in a responsible manner. As part of their oversight work, committees may also do site visits where they find out directly from the people at ground level whether the government is delivering on its promises.</p>

<p>If a committee reports on a matter and makes certain recommendations, that report will be debated in a full sitting or plenary to give other Members of the House an opportunity to engage with the content of the report. Once the report has been debated, the House decides whether to adopt the committee&rsquo;s recommendations. The House may also decide only to note the report, or it may refer the report back to the committee with an instruction to do further work.&nbsp;</p>

<p><strong>Committee Membership</strong></p>

<p>Committee membership is distributed among the parties roughly in proportion to the seats they get in Parliament, so if a party wins 20% of the seats, its MPs will occupy about 20% of committee positions</p>

<p>NA Committee are comprised of 11 Members. The composition is as follows: ANC (5); DA (3); MK (2); EFF (1) &amp; other parties (4). The four largest parties were given permanent positions, and the 14 other parties are grouped together to share the remaining slots.</p>

<p>Read more:&nbsp;&nbsp;<a href=""https://pmg.org.za/blog/Committees%20in%20the%20Seventh%20Parliament:%20Critical%20Forums%20for%20Oversight"">Committees in the Seventh Parliament: Critical Forums for Oversight</a></p>

<p><br />
<strong>Working in Committees allows Parliament to:</strong></p>

<ul>
	<li>Increase the amount of work that can be done</li>
	<li>Ensure that issues can be debated in more detail than in plenary sessions</li>
	<li>Increase the level of participation of Members of Parliament (MPs) in discussions</li>
	<li>Enable MPs to develop expertise and in-depth knowledge of the specific Committee&#39;s area of work</li>
	<li>Provide a platform for the public to present views directly to MPs, something which is not possible in a plenary sitting of Parliament</li>
	<li>Provide an environment for Parliament to hear evidence and collect information related to the work of a specific Committee</li>
</ul>

<p><strong>Powers</strong></p>

<p>Rule 167 of the&nbsp;<a href=""https://pmg.org.za/page/rules-parliament-guide-procedure"" target=""_blank"">National Assembly Rules (9th Edition)</a>&nbsp;say that for the purposes of performing its functions&nbsp; committee may, subject to the Constitution, legislation, the other provisions of these rules and resolutions of the Assembly:&nbsp;</p>

<ul>
	<li>Summon any person to appear before it to give evidence on oath or affirmation, or to produce documents</li>
	<li>Receive petitions, representations or submissions from interested persons or institutions</li>
	<li>Permit oral evidence on petitions, representations, submissions and any other matter before the committee</li>
	<li>Conduct public hearings</li>
	<li>Consult any Assembly or Council committee or subcommittee, or any joint committee or subcommittee</li>
	<li>Determine its own working arrangements</li>
	<li>Meet at a venue determined by it, which may be a venue beyond the seat of Parliament</li>
	<li>Meet on any and at any time, including on a day which is not a working day; on a day on which the Assembly is not sitting; at a time when the Assembly is not sitting, or during a recess.&nbsp;</li>
	<li>Exercise any other powers assigned to it by the Constitution, legislation, the other provisions of these rules or resolutions of the Assembly</li>
</ul>

<p><strong>Committees in Practice</strong></p>

<p>With the agreement of members, the Committee staff sets the dates and times of committee meetings. The frequency of committee meetings is determined by a committee&rsquo;s work programme but it is normal for a committee to meet weekly. From time to time, committees can meet more than once a week if they work programme so demands.</p>

<p>Section 59(1)(b) of the Constitution requires that the National Assembly and its committees conduct their business in an open manner and hold their sittings in public. Section 59(2) states that the National Assembly may not exclude the public or the media unless it is &lsquo;<em>reasonable and justifiable to do so in an open and democratic society&rsquo;.&nbsp;</em>Rule 184(2) of the Rules of the National Assembly further require that any decision to exclude the public from a committee meeting or part thereof must be taken &lsquo;after due consideration&rsquo; by that committee</p>

<p><strong>Who attends Committee Meetings:</strong></p>

<ul>
	<li>MPs (those assigned to the committee and if they so wish, any other MP)</li>
	<li>Committee Staff: Committee Secretary, Committee Assistant, Researcher, Content Advisor</li>
	<li>Departments, entities, organizations, individuals and experts who are invited by the Committee to speak and be questioned</li>
	<li>Parliamentary Legal Advisor (from time to time)</li>
	<li>Media</li>
	<li>General Public</li>
</ul>

<p><br />
&nbsp;</p>

<p><strong>THE DIFFERENT COMMITTEES OF PARLIAMENT</strong><br />
<br />
<strong>Portfolio Committees</strong><br />
The National Assembly (NA) appoints from among its members a number of Portfolio Committees to shadow the work of the various national government departments.</p>

<p><strong>Select Committees</strong><br />
The National Council of Provinces (NCOP) appoints from its permanent members a number of Select Committees to shadow the work of the various national government departments and to deal with Bills.<br />
<br />
Because only 54 of the 90 NCOP Members are permanent delegates compared to the 400 of the NA, the Select Committees oversee the work of more than one national government department.<br />
<br />
<strong>Public Accounts Committees</strong><br />
The National Assembly Standing Committee on Public Accounts acts as Parliament&#39;s watchdog over the way taxpayers&#39; money is spent by the Executive. Every year the Auditor-General tables reports on the accounts and financial management of the various government departments and State institutions.<br />
<br />
Heads of government departments and institutions are regularly called by this committee to report and account for expenditure. The Committee can recommend that the National Assembly takes corrective actions if necessary.<br />
<br />
<strong>Internal Committees</strong><br />
The National Assembly has a number of internal committees that deal with matters affecting the running of Parliament. The Committees normally consist of senior Members of Parliament. The Rules Committee and its sub-committees deal with House rules. There are structures to deal with support for Members, internal arrangements, disciplinary matters and powers and privileges of members. Other internal Committees are the Programme Committee that plans the work of the Assembly, the Disciplinary Committee, and the Committee of Chairpersons.<br />
<br />
The National Council of Provinces also has its own domestic Committees. The Rules Committee and its subcommittees deal with the NCOP rules. There are structures to deal with support for Members, internal arrangements, disciplinary matters and powers and privileges of members. The Programme Committee plans the work of the NCOP and the Committee of Chairpersons make recommendations about the functioning of Committees and other NCOP forums.<br />
<br />
<strong>Ad hoc Committees</strong><br />
Parliament or one of its Houses may appoint an ad hoc (temporary) Committee when a special task must be done. When the task is complete, the Committee is dissolved.<br />
<br />
<strong>Joint Committees</strong><br />
The National Assembly and the National Council of Provinces together appoint several joint committees. There are currently six Joint Committees:<br />
<br />
<strong>Committees play a very important role in the process of building democracy and involving the public in the processes and activities of Parliament.</strong></p>

<p>&nbsp;</p>","<p><strong>Secretary of Committee:</strong></p>

<p>Andries Maubane</p>

<p>Cell:&nbsp;060&nbsp;551 0138</p>

<p>Email:&nbsp;<a href=""mailto:amaubane@parliament.gov.za"">amaubane@parliament.gov.za</a></p>

<p><strong>Chairperson&rsquo;s Secretary</strong></p>

<p>Funeka Makapela</p>

<p>Cell:&nbsp;083 709 8507</p>

<p>Email:&nbsp;fmakapela@parliament.gov.za</p>

<p>&nbsp;</p>

<p>&nbsp;</p>

<p>&nbsp;</p>

<p>&nbsp;</p>",false,3,false,,"October 8, 2015, 1:27 PM","August 26, 2025, 1:21 PM",true,,true
86,Police,"<p><strong>Oversight responsibility of Police Portfolio Committee</strong></p>

<p>The Police Portfolio Committee is responsible for oversight of the Department of<strong> </strong>Police and the <a href=""https://www.saps.gov.za/"">SA Police Service (SAPS)</a> as well as the following statutory entities:</p>

<p><a href=""http://www.ipid.gov.za/"">Independent Police Investigative Directorate (IPID)</a></p>

<p><a href=""http://www.policesecretariat.gov.za/"">Civilian Secretariat for Police Service</a></p>

<p><a href=""https://www.psira.co.za/"">Private Security Industry Regulatory Authority</a> (PSIRA)</p>

<p>National Forensic Oversight and Ethics Board (DNA Board)</p>

<p><a href=""http://www.dpcijudge.gov.za/"">Office of the DPCI Judge</a></p>

<p>The Committee is mandated to:&nbsp;</p>

<ul>
	<li>consider, amend and/or initiate legislation that is specific to, or impacts on policing<strong>.</strong></li>
	<li>consider and review the strategic plans and budgets of the Department and its entities.</li>
	<li>monitor and oversee the activities, financial and non-financial performance of the Ministry and its entities.</li>
	<li>monitor and oversee the implementation of the Department&rsquo;s policies and legislation</li>
	<li>consider sector-related international treaties and agreements; and</li>
	<li>provide a platform for the public to participate and present views on specific topics and/or legislation in relation to policing.&nbsp;</li>
</ul>

<p>Learn more about the work of this Committee:&nbsp;<a href=""https://pmg.org.za/page/LegacyReports"" target=""_blank"">Legacy Reports</a></p>

<p><strong>The role and functions of Committees in Parliament</strong><br />
In accordance with the powers given to it by the Constitution, the National Assembly establishes a range of committees with assigned powers and functions.&nbsp;</p>

<p>There is a portfolio committee for each corresponding government department. A committee deliberates on bills covering the department&rsquo;s area of jurisdiction and scrutinises and report on its annual budget and strategic plan. As the people&rsquo;s representatives, Members of the committees determine whether government departments are delivering on what they promised and whether they are spending the public money they receive in a responsible manner. As part of their oversight work, committees may also do site visits where they find out directly from the people at ground level whether the government is delivering on its promises.</p>

<p>If a committee reports on a matter and makes certain recommendations, that report will be debated in a full sitting or plenary to give other Members of the House an opportunity to engage with the content of the report. Once the report has been debated, the House decides whether to adopt the committee&rsquo;s recommendations. The House may also decide only to note the report, or it may refer the report back to the committee with an instruction to do further work.&nbsp;</p>

<p><strong>Committee Membership</strong></p>

<p>Committee membership is distributed among the parties roughly in proportion to the seats they get in Parliament, so if a party wins 20% of the seats, its MPs will occupy about 20% of committee positions</p>

<p>NA Committee are comprised of 11 Members. The composition is as follows: ANC (5); DA (3); MK (2); EFF (1) &amp; other parties (4). The four largest parties were given permanent positions, and the 14 other parties are grouped together to share the remaining slots.</p>

<p>Read more:&nbsp;&nbsp;<a href=""https://pmg.org.za/blog/Committees%20in%20the%20Seventh%20Parliament:%20Critical%20Forums%20for%20Oversight"">Committees in the Seventh Parliament: Critical Forums for Oversight</a></p>

<p><br />
<strong>Working in Committees allows Parliament to:</strong></p>

<ul>
	<li>Increase the amount of work that can be done</li>
	<li>Ensure that issues can be debated in more detail than in plenary sessions</li>
	<li>Increase the level of participation of Members of Parliament (MPs) in discussions</li>
	<li>Enable MPs to develop expertise and in-depth knowledge of the specific Committee&#39;s area of work</li>
	<li>Provide a platform for the public to present views directly to MPs, something which is not possible in a plenary sitting of Parliament</li>
	<li>Provide an environment for Parliament to hear evidence and collect information related to the work of a specific Committee</li>
</ul>

<p><strong>Powers</strong></p>

<p>Rule 167 of the&nbsp;<a href=""https://pmg.org.za/page/rules-parliament-guide-procedure"" target=""_blank"">National Assembly Rules (9th Edition)</a>&nbsp;say that for the purposes of performing its functions&nbsp; committee may, subject to the Constitution, legislation, the other provisions of these rules and resolutions of the Assembly:&nbsp;</p>

<ul>
	<li>Summon any person to appear before it to give evidence on oath or affirmation, or to produce documents</li>
	<li>Receive petitions, representations or submissions from interested persons or institutions</li>
	<li>Permit oral evidence on petitions, representations, submissions and any other matter before the committee</li>
	<li>Conduct public hearings</li>
	<li>Consult any Assembly or Council committee or subcommittee, or any joint committee or subcommittee</li>
	<li>Determine its own working arrangements</li>
	<li>Meet at a venue determined by it, which may be a venue beyond the seat of Parliament</li>
	<li>Meet on any and at any time, including on a day which is not a working day; on a day on which the Assembly is not sitting; at a time when the Assembly is not sitting, or during a recess.&nbsp;</li>
	<li>Exercise any other powers assigned to it by the Constitution, legislation, the other provisions of these rules or resolutions of the Assembly</li>
</ul>

<p><strong>Committees in Practice</strong></p>

<p>With the agreement of members, the Committee staff sets the dates and times of committee meetings. The frequency of committee meetings is determined by a committee&rsquo;s work programme but it is normal for a committee to meet weekly. From time to time, committees can meet more than once a week if they work programme so demands.</p>

<p>Section 59(1)(b) of the Constitution requires that the National Assembly and its committees conduct their business in an open manner and hold their sittings in public. Section 59(2) states that the National Assembly may not exclude the public or the media unless it is &lsquo;<em>reasonable and justifiable to do so in an open and democratic society&rsquo;.&nbsp;</em>Rule 184(2) of the Rules of the National Assembly further require that any decision to exclude the public from a committee meeting or part thereof must be taken &lsquo;after due consideration&rsquo; by that committee</p>

<p><strong>Who attends Committee Meetings:</strong></p>

<ul>
	<li>MPs (those assigned to the committee and if they so wish, any other MP)</li>
	<li>Committee Staff: Committee Secretary, Committee Assistant, Researcher, Content Advisor</li>
	<li>Departments, entities, organizations, individuals and experts who are invited by the Committee to speak and be questioned</li>
	<li>Parliamentary Legal Advisor (from time to time)</li>
	<li>Media</li>
	<li>General Public</li>
</ul>

<p><br />
&nbsp;</p>

<p><strong>THE DIFFERENT COMMITTEES OF PARLIAMENT</strong><br />
<br />
<strong>Portfolio Committees</strong><br />
The National Assembly (NA) appoints from among its members a number of Portfolio Committees to shadow the work of the various national government departments.</p>

<p><strong>Select Committees</strong><br />
The National Council of Provinces (NCOP) appoints from its permanent members a number of Select Committees to shadow the work of the various national government departments and to deal with Bills.<br />
<br />
Because only 54 of the 90 NCOP Members are permanent delegates compared to the 400 of the NA, the Select Committees oversee the work of more than one national government department.<br />
<br />
<strong>Public Accounts Committees</strong><br />
The National Assembly Standing Committee on Public Accounts acts as Parliament&#39;s watchdog over the way taxpayers&#39; money is spent by the Executive. Every year the Auditor-General tables reports on the accounts and financial management of the various government departments and State institutions.<br />
<br />
Heads of government departments and institutions are regularly called by this committee to report and account for expenditure. The Committee can recommend that the National Assembly takes corrective actions if necessary.<br />
<br />
<strong>Internal Committees</strong><br />
The National Assembly has a number of internal committees that deal with matters affecting the running of Parliament. The Committees normally consist of senior Members of Parliament. The Rules Committee and its sub-committees deal with House rules. There are structures to deal with support for Members, internal arrangements, disciplinary matters and powers and privileges of members. Other internal Committees are the Programme Committee that plans the work of the Assembly, the Disciplinary Committee, and the Committee of Chairpersons.<br />
<br />
The National Council of Provinces also has its own domestic Committees. The Rules Committee and its subcommittees deal with the NCOP rules. There are structures to deal with support for Members, internal arrangements, disciplinary matters and powers and privileges of members. The Programme Committee plans the work of the NCOP and the Committee of Chairpersons make recommendations about the functioning of Committees and other NCOP forums.<br />
<br />
<strong>Ad hoc Committees</strong><br />
Parliament or one of its Houses may appoint an ad hoc (temporary) Committee when a special task must be done. When the task is complete, the Committee is dissolved.<br />
<br />
<strong>Joint Committees</strong><br />
The National Assembly and the National Council of Provinces together appoint several joint committees. There are currently six Joint Committees:<br />
<br />
<strong>Committees play a very important role in the process of building democracy and involving the public in the processes and activities of Parliament.</strong></p>

<p>&nbsp;</p>

<p>&nbsp;</p>

<p>&nbsp;</p>

<p>&nbsp;</p>

<p>&nbsp;</p>

<p>&nbsp;</p>

<p>&nbsp;</p>","<p><strong>Secretaries&nbsp;of Committee</strong>:</p>

<p>Babalwa Mbengo</p>

<p>Tel: 021 403 3741</p>

<p>Cell: 083 709 8489</p>

<p>Email: bmbengo@parliament.gov.za</p>

<p><strong>Chairperson&rsquo;s Secretary</strong></p>

<p>Nobesuthu Sihawu</p>

<p>Cell:&nbsp;083 709 8498</p>

<p>Email:&nbsp;nsihawu@parliament.gov.za</p>

<p>&nbsp;</p>",false,3,true,20,"October 8, 2015, 1:27 PM","September 13, 2024, 1:46 PM",true,,true
98,"Trade, Industry and Competition","<p><strong>Oversight responsibility of Trade, Industry and Competition&nbsp;Portfolio Committee</strong></p>

<p>The Trade, Industry and Competition Portfolio Committee is responsible for oversight of the <a href=""http://www.thedtic.gov.za/"">Department of<strong> </strong>Trade,&nbsp;Industry and Competition</a>&nbsp;(DTIC) as well as the following statutory entities:</p>

<p><a href=""http://www.compcom.co.za/"">Competition Commission&nbsp;</a></p>

<p><a href=""https://www.comptrib.co.za/"">Competition Tribunal</a>&nbsp;</p>

<p><a href=""https://www.thedti.gov.za/agencies/cipc.jsp"">Companies and Intellectual Property Commission</a>&nbsp;(CIPC);</p>

<p><a href=""https://www.thedti.gov.za/agencies/companies_tribunal.jsp"">Companies Tribunal</a>&nbsp;(CT);</p>

<p><a href=""https://www.thedti.gov.za/agencies/ecic.jsp"">Export Credit Insurance Corporation of South Africa SOC Limited&nbsp;</a>(ECIC);</p>

<p><a href=""https://www.idc.co.za/"">Industrial Development Corporation</a>&nbsp;(IDC)</p>

<p><a href=""http://www.itac.org.za/"">International Trade Administration Commission of SA</a>&nbsp;(ITAC)</p>

<p><a href=""https://www.thedti.gov.za/agencies/ncc.jsp"">National Consumer Commission&nbsp;</a>(NCC);</p>

<p><a href=""https://www.thedti.gov.za/agencies/nct.jsp"">National Consumer Tribunal</a>&nbsp;(NCT);</p>

<p><a href=""https://www.thedti.gov.za/agencies/ncr.jsp"">National Credit Regulator</a>&nbsp;(NCR);</p>

<p><a href=""https://www.thedti.gov.za/agencies/nef.jsp"">National Empowerment Fund</a>&nbsp;(NEF);</p>

<p><a href=""https://www.thedti.gov.za/agencies/ngb.jsp"">National Gambling Board</a>&nbsp;(NGB);</p>

<p><a href=""https://www.thedti.gov.za/agencies/nlc.jsp"">National Lotteries Commission</a>&nbsp;(NLC);</p>

<p><a href=""https://www.thedti.gov.za/agencies/nmisa.jsp"">National Metrology Institute of South Africa</a>&nbsp;(NMISA); and</p>

<p><a href=""https://www.thedti.gov.za/agencies/nrcs.jsp"">National Regulator for Compulsory Specifications</a>&nbsp;(NRCS)</p>

<p><a href=""https://www.thedti.gov.za/agencies/sabs.jsp"">South African Bureau of Standards</a>&nbsp;(SABS);</p>

<p><a href=""https://www.thedti.gov.za/agencies/sanas.jsp"">South African National Accreditation System</a>&nbsp;(SANAS);</p>

<p>The Committee is mandated to:&nbsp;</p>

<ul>
	<li>consider, amend and/or initiate legislation that is specific to, or impacts on Trade, Industry and Competition.</li>
	<li>consider and review the strategic plans and budgets of the Department and its entities.</li>
	<li>monitor and oversee the activities, financial and non-financial performance of the Ministry and its entities.</li>
	<li>monitor and oversee the implementation of the Department&rsquo;s policies and legislation</li>
	<li>consider sector-related international treaties and agreements; and</li>
	<li>provide a platform for the public to participate and present views on specific topics and/or legislation in relation to trade, industry and competition.&nbsp;</li>
</ul>

<p>Learn more about the work of this Committee:&nbsp;<a href=""https://pmg.org.za/page/LegacyReports"" target=""_blank"">Legacy Reports</a></p>

<p><strong>The role and functions of Committees in Parliament</strong><br />
In accordance with the powers given to it by the Constitution, the National Assembly establishes a range of committees with assigned powers and functions.&nbsp;</p>

<p>There is a portfolio committee for each corresponding government department. A committee deliberates on bills covering the department&rsquo;s area of jurisdiction and scrutinises and report on its annual budget and strategic plan. As the people&rsquo;s representatives, Members of the committees determine whether government departments are delivering on what they promised and whether they are spending the public money they receive in a responsible manner. As part of their oversight work, committees may also do site visits where they find out directly from the people at ground level whether the government is delivering on its promises.</p>

<p>If a committee reports on a matter and makes certain recommendations, that report will be debated in a full sitting or plenary to give other Members of the House an opportunity to engage with the content of the report. Once the report has been debated, the House decides whether to adopt the committee&rsquo;s recommendations. The House may also decide only to note the report, or it may refer the report back to the committee with an instruction to do further work.&nbsp;</p>

<p><strong>Committee Membership</strong></p>

<p>Committee membership is distributed among the parties roughly in proportion to the seats they get in Parliament, so if a party wins 20% of the seats, its MPs will occupy about 20% of committee positions</p>

<p>NA Committee are comprised of 11 Members. The composition is as follows: ANC (5); DA (3); MK (2); EFF (1) &amp; other parties (4). The four largest parties were given permanent positions, and the 14 other parties are grouped together to share the remaining slots.</p>

<p>Read more:&nbsp;&nbsp;<a href=""https://pmg.org.za/blog/Committees%20in%20the%20Seventh%20Parliament:%20Critical%20Forums%20for%20Oversight"">Committees in the Seventh Parliament: Critical Forums for Oversight</a></p>

<p><br />
<strong>Working in Committees allows Parliament to:</strong></p>

<ul>
	<li>Increase the amount of work that can be done</li>
	<li>Ensure that issues can be debated in more detail than in plenary sessions</li>
	<li>Increase the level of participation of Members of Parliament (MPs) in discussions</li>
	<li>Enable MPs to develop expertise and in-depth knowledge of the specific Committee&#39;s area of work</li>
	<li>Provide a platform for the public to present views directly to MPs, something which is not possible in a plenary sitting of Parliament</li>
	<li>Provide an environment for Parliament to hear evidence and collect information related to the work of a specific Committee</li>
</ul>

<p><strong>Powers</strong></p>

<p>Rule 167 of the&nbsp;<a href=""https://pmg.org.za/page/rules-parliament-guide-procedure"" target=""_blank"">National Assembly Rules (9th Edition)</a>&nbsp;say that for the purposes of performing its functions&nbsp; committee may, subject to the Constitution, legislation, the other provisions of these rules and resolutions of the Assembly:&nbsp;</p>

<ul>
	<li>Summon any person to appear before it to give evidence on oath or affirmation, or to produce documents</li>
	<li>Receive petitions, representations or submissions from interested persons or institutions</li>
	<li>Permit oral evidence on petitions, representations, submissions and any other matter before the committee</li>
	<li>Conduct public hearings</li>
	<li>Consult any Assembly or Council committee or subcommittee, or any joint committee or subcommittee</li>
	<li>Determine its own working arrangements</li>
	<li>Meet at a venue determined by it, which may be a venue beyond the seat of Parliament</li>
	<li>Meet on any and at any time, including on a day which is not a working day; on a day on which the Assembly is not sitting; at a time when the Assembly is not sitting, or during a recess.&nbsp;</li>
	<li>Exercise any other powers assigned to it by the Constitution, legislation, the other provisions of these rules or resolutions of the Assembly</li>
</ul>

<p><strong>Committees in Practice</strong></p>

<p>With the agreement of members, the Committee staff sets the dates and times of committee meetings. The frequency of committee meetings is determined by a committee&rsquo;s work programme but it is normal for a committee to meet weekly. From time to time, committees can meet more than once a week if they work programme so demands.</p>

<p>Section 59(1)(b) of the Constitution requires that the National Assembly and its committees conduct their business in an open manner and hold their sittings in public. Section 59(2) states that the National Assembly may not exclude the public or the media unless it is &lsquo;<em>reasonable and justifiable to do so in an open and democratic society&rsquo;.&nbsp;</em>Rule 184(2) of the Rules of the National Assembly further require that any decision to exclude the public from a committee meeting or part thereof must be taken &lsquo;after due consideration&rsquo; by that committee</p>

<p><strong>Who attends Committee Meetings:</strong></p>

<ul>
	<li>MPs (those assigned to the committee and if they so wish, any other MP)</li>
	<li>Committee Staff: Committee Secretary, Committee Assistant, Researcher, Content Advisor</li>
	<li>Departments, entities, organizations, individuals and experts who are invited by the Committee to speak and be questioned</li>
	<li>Parliamentary Legal Advisor (from time to time)</li>
	<li>Media</li>
	<li>General Public</li>
</ul>

<p><br />
&nbsp;</p>

<p><strong>THE DIFFERENT COMMITTEES OF PARLIAMENT</strong><br />
<br />
<strong>Portfolio Committees</strong><br />
The National Assembly (NA) appoints from among its members a number of Portfolio Committees to shadow the work of the various national government departments.</p>

<p><strong>Select Committees</strong><br />
The National Council of Provinces (NCOP) appoints from its permanent members a number of Select Committees to shadow the work of the various national government departments and to deal with Bills.<br />
<br />
Because only 54 of the 90 NCOP Members are permanent delegates compared to the 400 of the NA, the Select Committees oversee the work of more than one national government department.<br />
<br />
<strong>Public Accounts Committees</strong><br />
The National Assembly Standing Committee on Public Accounts acts as Parliament&#39;s watchdog over the way taxpayers&#39; money is spent by the Executive. Every year the Auditor-General tables reports on the accounts and financial management of the various government departments and State institutions.<br />
<br />
Heads of government departments and institutions are regularly called by this committee to report and account for expenditure. The Committee can recommend that the National Assembly takes corrective actions if necessary.<br />
<br />
<strong>Internal Committees</strong><br />
The National Assembly has a number of internal committees that deal with matters affecting the running of Parliament. The Committees normally consist of senior Members of Parliament. The Rules Committee and its sub-committees deal with House rules. There are structures to deal with support for Members, internal arrangements, disciplinary matters and powers and privileges of members. Other internal Committees are the Programme Committee that plans the work of the Assembly, the Disciplinary Committee, and the Committee of Chairpersons.<br />
<br />
The National Council of Provinces also has its own domestic Committees. The Rules Committee and its subcommittees deal with the NCOP rules. There are structures to deal with support for Members, internal arrangements, disciplinary matters and powers and privileges of members. The Programme Committee plans the work of the NCOP and the Committee of Chairpersons make recommendations about the functioning of Committees and other NCOP forums.<br />
<br />
<strong>Ad hoc Committees</strong><br />
Parliament or one of its Houses may appoint an ad hoc (temporary) Committee when a special task must be done. When the task is complete, the Committee is dissolved.<br />
<br />
<strong>Joint Committees</strong><br />
The National Assembly and the National Council of Provinces together appoint several joint committees. There are currently six Joint Committees:<br />
<br />
<strong>Committees play a very important role in the process of building democracy and involving the public in the processes and activities of Parliament.</strong></p>

<p>&nbsp;</p>","<p><br />
<strong>Secretaries to Committee:</strong><br />
Andre Hermans<br />
Tel: 021 403 3776<br />
Cell: 083 709 8482<br />
Email: ahermans@parliament.gov.za</p>

<p><strong>Chairperson&rsquo;s Secretary</strong></p>

<p>Lethabo Maila</p>

<p>Cell: 060 534 4120</p>

<p>Email:lmaila@parliament.gov.za</p>",false,3,true,31,"October 8, 2015, 1:27 PM","February 19, 2026, 10:32 AM",true,,true
394,Executive Undertakings and Petitions,"<p><strong>Oversight responsibility of the Committee on Executive Undertakings and Petitions</strong></p>

<p>The Committee on Executive Undertakings and Petitions oversees matters relating to public petitions submitted to Parliament, as well as executive undertakings made by Ministers in the National Assembly.</p>

<p>The Committee is mandated to:</p>

<ul>
	<li>consider petitions and requests for parliamentary intervention submitted by members of the public on matters of grievance or public concern.</li>
	<li>promote public participation and access to parliamentary processes through the petitions system.</li>
	<li>monitor and oversee executive undertakings, commitments, and assurances made by Ministers in the National Assembly.</li>
	<li>require written progress reports and updates on the implementation of ministerial commitments, including matters relating to infrastructure delivery, service delivery interventions, and institutional improvements.</li>
	<li>monitor the responsiveness and accountability of executive authorities in fulfilling commitments made to Parliament and the public.</li>
	<li>ensure that petitions and executive undertakings are processed and followed up within reasonable timeframes.</li>
	<li>strengthen parliamentary accountability, transparency, constitutional democracy, and responsive governance.</li>
	<li>facilitate engagement between Parliament, government departments, and affected stakeholders on matters arising from petitions and executive undertakings.</li>
</ul>

<p>The Committee was reconstituted in the Seventh Parliament following reforms to parliamentary rules after a 2012 Constitutional Court ruling found the previous rules governing the committee unconstitutional. The Committee had remained inactive pending rule reform before being re-established with an expanded mandate that combines both petitions and executive undertakings oversight responsibilities.</p>

<p><strong>The role and functions of Committees in Parliament</strong><br />
In accordance with the powers given to it by the Constitution, the National Assembly establishes a range of committees with assigned powers and functions.&nbsp;</p>

<p>There is a portfolio committee for each corresponding government department. A committee deliberates on bills covering the department&rsquo;s area of jurisdiction and scrutinises and report on its annual budget and strategic plan. As the people&rsquo;s representatives, Members of the committees determine whether government departments are delivering on what they promised and whether they are spending the public money they receive in a responsible manner. As part of their oversight work, committees may also do site visits where they find out directly from the people at ground level whether the government is delivering on its promises.</p>

<p>If a committee reports on a matter and makes certain recommendations, that report will be debated in a full sitting or plenary to give other Members of the House an opportunity to engage with the content of the report. Once the report has been debated, the House decides whether to adopt the committee&rsquo;s recommendations. The House may also decide only to note the report, or it may refer the report back to the committee with an instruction to do further work.&nbsp;</p>

<p><strong>Committee Membership</strong></p>

<p>Committee membership is distributed among the parties roughly in proportion to the seats they get in Parliament, so if a party wins 20% of the seats, its MPs will occupy about 20% of committee positions</p>

<p>NA Committee are comprised of 11 Members. The composition is as follows: ANC (5); DA (3); MK (2); EFF (1) &amp; other parties (4). The four largest parties were given permanent positions, and the 14 other parties are grouped together to share the remaining slots.</p>

<p>Read more:&nbsp;&nbsp;<a href=""https://pmg.org.za/blog/Committees%20in%20the%20Seventh%20Parliament:%20Critical%20Forums%20for%20Oversight"">Committees in the Seventh Parliament: Critical Forums for Oversight</a></p>

<p><strong>Working in Committees allows Parliament to:</strong></p>

<ul>
	<li>Increase the amount of work that can be done</li>
	<li>Ensure that issues can be debated in more detail than in plenary sessions</li>
	<li>Increase the level of participation of Members of Parliament (MPs) in discussions</li>
	<li>Enable MPs to develop expertise and in-depth knowledge of the specific Committee&#39;s area of work</li>
	<li>Provide a platform for the public to present views directly to MPs, something which is not possible in a plenary sitting of Parliament</li>
	<li>Provide an environment for Parliament to hear evidence and collect information related to the work of a specific Committee</li>
</ul>

<p><strong>Powers</strong></p>

<p>Rule 167 of the&nbsp;<a href=""https://pmg.org.za/page/rules-parliament-guide-procedure"" target=""_blank"">National Assembly Rules (9th Edition)</a>&nbsp;say that for the purposes of performing its functions&nbsp; committee may, subject to the Constitution, legislation, the other provisions of these rules and resolutions of the Assembly:&nbsp;</p>

<ul>
	<li>Summon any person to appear before it to give evidence on oath or affirmation, or to produce documents</li>
	<li>Receive petitions, representations or submissions from interested persons or institutions</li>
	<li>Permit oral evidence on petitions, representations, submissions and any other matter before the committee</li>
	<li>Conduct public hearings</li>
	<li>Consult any Assembly or Council committee or subcommittee, or any joint committee or subcommittee</li>
	<li>Determine its own working arrangements</li>
	<li>Meet at a venue determined by it, which may be a venue beyond the seat of Parliament</li>
	<li>Meet on any and at any time, including on a day which is not a working day; on a day on which the Assembly is not sitting; at a time when the Assembly is not sitting, or during a recess.&nbsp;</li>
	<li>Exercise any other powers assigned to it by the Constitution, legislation, the other provisions of these rules or resolutions of the Assembly</li>
</ul>

<p><strong>Committees in Practice</strong></p>

<p>With the agreement of members, the Committee staff sets the dates and times of committee meetings. The frequency of committee meetings is determined by a committee&rsquo;s work programme but it is normal for a committee to meet weekly. From time to time, committees can meet more than once a week if they work programme so demands.</p>

<p>Section 59(1)(b) of the Constitution requires that the National Assembly and its committees conduct their business in an open manner and hold their sittings in public. Section 59(2) states that the National Assembly may not exclude the public or the media unless it is &lsquo;<em>reasonable and justifiable to do so in an open and democratic society&rsquo;.&nbsp;</em>Rule 184(2) of the Rules of the National Assembly further require that any decision to exclude the public from a committee meeting or part thereof must be taken &lsquo;after due consideration&rsquo; by that committee</p>

<p><strong>Who attends Committee Meetings:</strong></p>

<ul>
	<li>MPs (those assigned to the committee and if they so wish, any other MP)</li>
	<li>Committee Staff: Committee Secretary, Committee Assistant, Researcher, Content Advisor</li>
	<li>Departments, entities, organizations, individuals and experts who are invited by the Committee to speak and be questioned</li>
	<li>Parliamentary Legal Advisor (from time to time)</li>
	<li>Media</li>
	<li>General Public</li>
</ul>

<p><strong>THE DIFFERENT COMMITTEES OF PARLIAMENT</strong><br />
<br />
<strong>Portfolio Committees</strong><br />
The National Assembly (NA) appoints from among its members a number of Portfolio Committees to shadow the work of the various national government departments.</p>

<p><strong>Select Committees</strong><br />
The National Council of Provinces (NCOP) appoints from its permanent members a number of Select Committees to shadow the work of the various national government departments and to deal with Bills.<br />
<br />
Because only 54 of the 90 NCOP Members are permanent delegates compared to the 400 of the NA, the Select Committees oversee the work of more than one national government department.<br />
<br />
<strong>Public Accounts Committees</strong><br />
The National Assembly Standing Committee on Public Accounts acts as Parliament&#39;s watchdog over the way taxpayers&#39; money is spent by the Executive. Every year the Auditor-General tables reports on the accounts and financial management of the various government departments and State institutions.<br />
<br />
Heads of government departments and institutions are regularly called by this committee to report and account for expenditure. The Committee can recommend that the National Assembly takes corrective actions if necessary.<br />
<br />
<strong>Internal Committees</strong><br />
The National Assembly has a number of internal committees that deal with matters affecting the running of Parliament. The Committees normally consist of senior Members of Parliament. The Rules Committee and its sub-committees deal with House rules. There are structures to deal with support for Members, internal arrangements, disciplinary matters and powers and privileges of members. Other internal Committees are the Programme Committee that plans the work of the Assembly, the Disciplinary Committee, and the Committee of Chairpersons.<br />
<br />
The National Council of Provinces also has its own domestic Committees. The Rules Committee and its subcommittees deal with the NCOP rules. There are structures to deal with support for Members, internal arrangements, disciplinary matters and powers and privileges of members. The Programme Committee plans the work of the NCOP and the Committee of Chairpersons make recommendations about the functioning of Committees and other NCOP forums.<br />
<br />
<strong>Ad hoc Committees</strong><br />
Parliament or one of its Houses may appoint an ad hoc (temporary) Committee when a special task must be done. When the task is complete, the Committee is dissolved.<br />
<br />
<strong>Joint Committees</strong><br />
The National Assembly and the National Council of Provinces together appoint several joint committees. There are currently six Joint Committees:<br />
<br />
<strong>Committees play a very important role in the process of building democracy and involving the public in the processes and activities of Parliament.</strong></p>","<p><strong>Secretaries&nbsp;of Committee</strong>:</p>

<p>Portia Ntabeni (Acting)</p>

<p>Cell: 072 187 4514</p>

<p>Email: pntabeni@parliament.gov.za</p>",false,3,false,,"February 26, 2026, 7:29 PM","June 22, 2026, 3:35 PM",true,,true
63,Health,"<p><strong>Oversight responsibility of Health Portfolio Committee</strong></p>

<p>The Health Portfolio Committee is responsible for oversight of the <a href=""http://www.health.gov.za/"">Department of<strong> </strong>Health</a>&nbsp;(DOH)&nbsp;as well as the following statutory entities:</p>

<p><a href=""https://ahpcsa.co.za/"">Allied Health Professions Council&nbsp;</a></p>

<p>Compensation Commissioner for Occupational Diseases&nbsp;</p>

<p><a href=""https://www.medicalschemes.com/"">Council for Medical Schemes</a>&nbsp;(CMS)</p>

<p><a href=""https://sadtc.org.za/"">SA Dental Technicians Council</a></p>

<p><a href=""https://www.hpcsa.co.za/"">Health Professions Council of SA</a>&nbsp;(HPCSA)</p>

<p>Interim Traditional Health Practitioners Council</p>

<p><a href=""http://www.nhls.ac.za/"">National Health Laboratory Service</a>&nbsp;(NHLS)</p>

<p><a href=""file:///C:/Users/User/Desktop/about/ohsc.org.za/"">Office of Health Standards Compliance</a></p>

<p><a href=""http://www.mrc.ac.za/"">South African Medical Research Council</a>&nbsp;(SAMRC)</p>

<p><a href=""https://www.sahpra.org.za/"">SA Health Products Regulatory Authority&nbsp;&nbsp;</a></p>

<p><a href=""https://www.sanc.co.za/"">SA Nursing Council</a></p>

<p><a href=""https://www.pharmcouncil.co.za/"">SA Pharmacy Council</a></p>

<p>The Committee is mandated to:&nbsp;</p>

<ul>
	<li>consider, amend and/or initiate legislation that is specific to, or impacts on Health<strong>.</strong></li>
	<li>consider and review the strategic plans and budgets of the Department and its entities.</li>
	<li>monitor and oversee the activities, financial and non-financial performance of the Ministry and its entities.</li>
	<li>monitor and oversee the implementation of the Department&rsquo;s policies and legislation</li>
	<li>consider sector-related international treaties and agreements; and</li>
	<li>provide a platform for the public to participate and present views on specific topics and/or legislation in relation to the health sector.&nbsp;</li>
</ul>

<p>Learn more about the work of this Committee:&nbsp;<a href=""https://pmg.org.za/page/LegacyReports"" target=""_blank"">Legacy Reports</a></p>

<p><strong>The role and functions of Committees in Parliament</strong><br />
In accordance with the powers given to it by the Constitution, the National Assembly establishes a range of committees with assigned powers and functions.&nbsp;</p>

<p>There is a portfolio committee for each corresponding government department. A committee deliberates on bills covering the department&rsquo;s area of jurisdiction and scrutinises and report on its annual budget and strategic plan. As the people&rsquo;s representatives, Members of the committees determine whether government departments are delivering on what they promised and whether they are spending the public money they receive in a responsible manner. As part of their oversight work, committees may also do site visits where they find out directly from the people at ground level whether the government is delivering on its promises.</p>

<p>If a committee reports on a matter and makes certain recommendations, that report will be debated in a full sitting or plenary to give other Members of the House an opportunity to engage with the content of the report. Once the report has been debated, the House decides whether to adopt the committee&rsquo;s recommendations. The House may also decide only to note the report, or it may refer the report back to the committee with an instruction to do further work.&nbsp;</p>

<p><strong>Committee Membership</strong></p>

<p>Committee membership is distributed among the parties roughly in proportion to the seats they get in Parliament, so if a party wins 20% of the seats, its MPs will occupy about 20% of committee positions</p>

<p>NA Committee are comprised of 11 Members. The composition is as follows: ANC (5); DA (3); MK (2); EFF (1) &amp; other parties (4). The four largest parties were given permanent positions, and the 14 other parties are grouped together to share the remaining slots.</p>

<p>Read more:&nbsp;&nbsp;<a href=""https://pmg.org.za/blog/Committees%20in%20the%20Seventh%20Parliament:%20Critical%20Forums%20for%20Oversight"">Committees in the Seventh Parliament: Critical Forums for Oversight</a></p>

<p><br />
<strong>Working in Committees allows Parliament to:</strong></p>

<ul>
	<li>Increase the amount of work that can be done</li>
	<li>Ensure that issues can be debated in more detail than in plenary sessions</li>
	<li>Increase the level of participation of Members of Parliament (MPs) in discussions</li>
	<li>Enable MPs to develop expertise and in-depth knowledge of the specific Committee&#39;s area of work</li>
	<li>Provide a platform for the public to present views directly to MPs, something which is not possible in a plenary sitting of Parliament</li>
	<li>Provide an environment for Parliament to hear evidence and collect information related to the work of a specific Committee</li>
</ul>

<p><strong>Powers</strong></p>

<p>Rule 167 of the&nbsp;<a href=""https://pmg.org.za/page/rules-parliament-guide-procedure"" target=""_blank"">National Assembly Rules (9th Edition)</a>&nbsp;say that for the purposes of performing its functions&nbsp; committee may, subject to the Constitution, legislation, the other provisions of these rules and resolutions of the Assembly:&nbsp;</p>

<ul>
	<li>Summon any person to appear before it to give evidence on oath or affirmation, or to produce documents</li>
	<li>Receive petitions, representations or submissions from interested persons or institutions</li>
	<li>Permit oral evidence on petitions, representations, submissions and any other matter before the committee</li>
	<li>Conduct public hearings</li>
	<li>Consult any Assembly or Council committee or subcommittee, or any joint committee or subcommittee</li>
	<li>Determine its own working arrangements</li>
	<li>Meet at a venue determined by it, which may be a venue beyond the seat of Parliament</li>
	<li>Meet on any and at any time, including on a day which is not a working day; on a day on which the Assembly is not sitting; at a time when the Assembly is not sitting, or during a recess.&nbsp;</li>
	<li>Exercise any other powers assigned to it by the Constitution, legislation, the other provisions of these rules or resolutions of the Assembly</li>
</ul>

<p><strong>Committees in Practice</strong></p>

<p>With the agreement of members, the Committee staff sets the dates and times of committee meetings. The frequency of committee meetings is determined by a committee&rsquo;s work programme but it is normal for a committee to meet weekly. From time to time, committees can meet more than once a week if they work programme so demands.</p>

<p>Section 59(1)(b) of the Constitution requires that the National Assembly and its committees conduct their business in an open manner and hold their sittings in public. Section 59(2) states that the National Assembly may not exclude the public or the media unless it is &lsquo;<em>reasonable and justifiable to do so in an open and democratic society&rsquo;.&nbsp;</em>Rule 184(2) of the Rules of the National Assembly further require that any decision to exclude the public from a committee meeting or part thereof must be taken &lsquo;after due consideration&rsquo; by that committee</p>

<p><strong>Who attends Committee Meetings:</strong></p>

<ul>
	<li>MPs (those assigned to the committee and if they so wish, any other MP)</li>
	<li>Committee Staff: Committee Secretary, Committee Assistant, Researcher, Content Advisor</li>
	<li>Departments, entities, organizations, individuals and experts who are invited by the Committee to speak and be questioned</li>
	<li>Parliamentary Legal Advisor (from time to time)</li>
	<li>Media</li>
	<li>General Public</li>
</ul>

<p><br />
&nbsp;</p>

<p><strong>THE DIFFERENT COMMITTEES OF PARLIAMENT</strong><br />
<br />
<strong>Portfolio Committees</strong><br />
The National Assembly (NA) appoints from among its members a number of Portfolio Committees to shadow the work of the various national government departments.</p>

<p><strong>Select Committees</strong><br />
The National Council of Provinces (NCOP) appoints from its permanent members a number of Select Committees to shadow the work of the various national government departments and to deal with Bills.<br />
<br />
Because only 54 of the 90 NCOP Members are permanent delegates compared to the 400 of the NA, the Select Committees oversee the work of more than one national government department.<br />
<br />
<strong>Public Accounts Committees</strong><br />
The National Assembly Standing Committee on Public Accounts acts as Parliament&#39;s watchdog over the way taxpayers&#39; money is spent by the Executive. Every year the Auditor-General tables reports on the accounts and financial management of the various government departments and State institutions.<br />
<br />
Heads of government departments and institutions are regularly called by this committee to report and account for expenditure. The Committee can recommend that the National Assembly takes corrective actions if necessary.<br />
<br />
<strong>Internal Committees</strong><br />
The National Assembly has a number of internal committees that deal with matters affecting the running of Parliament. The Committees normally consist of senior Members of Parliament. The Rules Committee and its sub-committees deal with House rules. There are structures to deal with support for Members, internal arrangements, disciplinary matters and powers and privileges of members. Other internal Committees are the Programme Committee that plans the work of the Assembly, the Disciplinary Committee, and the Committee of Chairpersons.<br />
<br />
The National Council of Provinces also has its own domestic Committees. The Rules Committee and its subcommittees deal with the NCOP rules. There are structures to deal with support for Members, internal arrangements, disciplinary matters and powers and privileges of members. The Programme Committee plans the work of the NCOP and the Committee of Chairpersons make recommendations about the functioning of Committees and other NCOP forums.<br />
<br />
<strong>Ad hoc Committees</strong><br />
Parliament or one of its Houses may appoint an ad hoc (temporary) Committee when a special task must be done. When the task is complete, the Committee is dissolved.<br />
<br />
<strong>Joint Committees</strong><br />
The National Assembly and the National Council of Provinces together appoint several joint committees. There are currently six Joint Committees:<br />
<br />
<strong>Committees play a very important role in the process of building democracy and involving the public in the processes and activities of Parliament.</strong></p>","<p><strong>Secretary of Committee:</strong></p>

<p>Vuyokazi Majalamba</p>

<p>Tel: (021) 403 3770</p>

<p>Cell: 083 709 8522</p>

<p>Email: vmajalamba@parliament.gov.za</p>

<p><strong>Chairperson&rsquo;s Secretary</strong></p>

<p>Ms. Coceka Socishe&nbsp;</p>

<p>Email:&nbsp;csocishe@parliament.gov.za</p>

<p>&nbsp;</p>",false,3,true,12,"October 8, 2015, 1:27 PM","September 13, 2024, 12:20 PM",true,,true
393,Presidency,"<p><strong>The role and functions of Committees in Parliament</strong><br />
In accordance with the powers given to it by the Constitution, the National Assembly establishes a range of committees with assigned powers and functions.&nbsp;</p>

<p>There is a portfolio committee for each corresponding government department. A committee deliberates on bills covering the department&rsquo;s area of jurisdiction and scrutinises and report on its annual budget and strategic plan. As the people&rsquo;s representatives, Members of the committees determine whether government departments are delivering on what they promised and whether they are spending the public money they receive in a responsible manner. As part of their oversight work, committees may also do site visits where they find out directly from the people at ground level whether the government is delivering on its promises.</p>

<p>If a committee reports on a matter and makes certain recommendations, that report will be debated in a full sitting or plenary to give other Members of the House an opportunity to engage with the content of the report. Once the report has been debated, the House decides whether to adopt the committee&rsquo;s recommendations. The House may also decide only to note the report, or it may refer the report back to the committee with an instruction to do further work.&nbsp;</p>

<p><strong>Committee Membership</strong></p>

<p>Committee membership is distributed among the parties roughly in proportion to the seats they get in Parliament, so if a party wins 20% of the seats, its MPs will occupy about 20% of committee positions</p>

<p>NA Committee are comprised of 11 Members. The composition is as follows: ANC (5); DA (3); MK (2); EFF (1) &amp; other parties (4). The four largest parties were given permanent positions, and the 14 other parties are grouped together to share the remaining slots.</p>

<p>Read more:&nbsp;&nbsp;<a href=""https://pmg.org.za/blog/Committees%20in%20the%20Seventh%20Parliament:%20Critical%20Forums%20for%20Oversight"">Committees in the Seventh Parliament: Critical Forums for Oversight</a></p>

<p><br />
<strong>Working in Committees allows Parliament to:</strong></p>

<ul>
	<li>Increase the amount of work that can be done</li>
	<li>Ensure that issues can be debated in more detail than in plenary sessions</li>
	<li>Increase the level of participation of Members of Parliament (MPs) in discussions</li>
	<li>Enable MPs to develop expertise and in-depth knowledge of the specific Committee&#39;s area of work</li>
	<li>Provide a platform for the public to present views directly to MPs, something which is not possible in a plenary sitting of Parliament</li>
	<li>Provide an environment for Parliament to hear evidence and collect information related to the work of a specific Committee</li>
</ul>

<p><strong>Powers</strong></p>

<p>Rule 167 of the&nbsp;<a href=""https://pmg.org.za/page/rules-parliament-guide-procedure"" target=""_blank"">National Assembly Rules (9th Edition)</a>&nbsp;say that for the purposes of performing its functions&nbsp; committee may, subject to the Constitution, legislation, the other provisions of these rules and resolutions of the Assembly:&nbsp;</p>

<ul>
	<li>Summon any person to appear before it to give evidence on oath or affirmation, or to produce documents</li>
	<li>Receive petitions, representations or submissions from interested persons or institutions</li>
	<li>Permit oral evidence on petitions, representations, submissions and any other matter before the committee</li>
	<li>Conduct public hearings</li>
	<li>Consult any Assembly or Council committee or subcommittee, or any joint committee or subcommittee</li>
	<li>Determine its own working arrangements</li>
	<li>Meet at a venue determined by it, which may be a venue beyond the seat of Parliament</li>
	<li>Meet on any and at any time, including on a day which is not a working day; on a day on which the Assembly is not sitting; at a time when the Assembly is not sitting, or during a recess.&nbsp;</li>
	<li>Exercise any other powers assigned to it by the Constitution, legislation, the other provisions of these rules or resolutions of the Assembly</li>
</ul>

<p><strong>Committees in Practice</strong></p>

<p>With the agreement of members, the Committee staff sets the dates and times of committee meetings. The frequency of committee meetings is determined by a committee&rsquo;s work programme but it is normal for a committee to meet weekly. From time to time, committees can meet more than once a week if they work programme so demands.</p>

<p>Section 59(1)(b) of the Constitution requires that the National Assembly and its committees conduct their business in an open manner and hold their sittings in public. Section 59(2) states that the National Assembly may not exclude the public or the media unless it is &lsquo;<em>reasonable and justifiable to do so in an open and democratic society&rsquo;.&nbsp;</em>Rule 184(2) of the Rules of the National Assembly further require that any decision to exclude the public from a committee meeting or part thereof must be taken &lsquo;after due consideration&rsquo; by that committee</p>

<p><strong>Who attends Committee Meetings:</strong></p>

<ul>
	<li>MPs (those assigned to the committee and if they so wish, any other MP)</li>
	<li>Committee Staff: Committee Secretary, Committee Assistant, Researcher, Content Advisor</li>
	<li>Departments, entities, organizations, individuals and experts who are invited by the Committee to speak and be questioned</li>
	<li>Parliamentary Legal Advisor (from time to time)</li>
	<li>Media</li>
	<li>General Public</li>
</ul>

<p><strong>THE DIFFERENT COMMITTEES OF PARLIAMENT</strong><br />
<br />
<strong>Portfolio Committees</strong><br />
The National Assembly (NA) appoints from among its members a number of Portfolio Committees to shadow the work of the various national government departments.</p>

<p><strong>Select Committees</strong><br />
The National Council of Provinces (NCOP) appoints from its permanent members a number of Select Committees to shadow the work of the various national government departments and to deal with Bills.<br />
<br />
Because only 54 of the 90 NCOP Members are permanent delegates compared to the 400 of the NA, the Select Committees oversee the work of more than one national government department.<br />
<br />
<strong>Public Accounts Committees</strong><br />
The National Assembly Standing Committee on Public Accounts acts as Parliament&#39;s watchdog over the way taxpayers&#39; money is spent by the Executive. Every year the Auditor-General tables reports on the accounts and financial management of the various government departments and State institutions.<br />
<br />
Heads of government departments and institutions are regularly called by this committee to report and account for expenditure. The Committee can recommend that the National Assembly takes corrective actions if necessary.<br />
<br />
<strong>Internal Committees</strong><br />
The National Assembly has a number of internal committees that deal with matters affecting the running of Parliament. The Committees normally consist of senior Members of Parliament. The Rules Committee and its sub-committees deal with House rules. There are structures to deal with support for Members, internal arrangements, disciplinary matters and powers and privileges of members. Other internal Committees are the Programme Committee that plans the work of the Assembly, the Disciplinary Committee, and the Committee of Chairpersons.<br />
<br />
The National Council of Provinces also has its own domestic Committees. The Rules Committee and its subcommittees deal with the NCOP rules. There are structures to deal with support for Members, internal arrangements, disciplinary matters and powers and privileges of members. The Programme Committee plans the work of the NCOP and the Committee of Chairpersons make recommendations about the functioning of Committees and other NCOP forums.<br />
<br />
<strong>Ad hoc Committees</strong><br />
Parliament or one of its Houses may appoint an ad hoc (temporary) Committee when a special task must be done. When the task is complete, the Committee is dissolved.<br />
<br />
<strong>Joint Committees</strong><br />
The National Assembly and the National Council of Provinces together appoint several joint committees. There are currently six Joint Committees:<br />
<br />
<strong>Committees play a very important role in the process of building democracy and involving the public in the processes and activities of Parliament.</strong></p>","<p><strong>Secretaries&nbsp;of Committee</strong>:</p>

<p>Mvaba Dumezweni</p>

<p>Cell: <span style=""font-size:11pt""><span style=""font-family:Calibri,&quot;sans-serif&quot;"">060 551 0736</span></span></p>

<p>Email: mdumezweni@parliament.gov.za</p>",false,3,false,,"February 26, 2026, 7:09 PM","March 10, 2026, 8:17 AM",true,,true
71,Public Service and Administration,"<p><strong>Oversight responsibility of Public Service and Administration Portfolio Committee</strong></p>

<p>The<strong> </strong>Public Service and Administration<strong> </strong>Portfolio Committee is responsible for oversight of the Department of<strong> </strong>Public Service and Administration (<a href=""http://www.dpsa.gov.za/"">DPSA</a>)&nbsp;as well as the following statutory entities:</p>

<p><a href=""http://www.cpsi.co.za/"">Centre for Public Service Innovation</a>&nbsp;(CPSI)</p>

<p><a href=""http://www.psc.gov.za/"">Public Service Commission</a>&nbsp;(PSC)</p>

<p><a href=""https://www.gems.gov.za/"">Government Employees Medical Scheme</a>&nbsp;(GEMS)</p>

<p><a href=""https://www.thensg.gov.za/"">National School of Government</a>&nbsp;(NSG)</p>

<p>The Committee is mandated to:&nbsp;</p>

<ul>
	<li>consider, amend and/or initiate legislation that is specific to, or impacts on Public Service and Administration<strong>.</strong></li>
	<li>consider and review the strategic plans and budgets of the Department and its entities.</li>
	<li>monitor and oversee the activities, financial and non-financial performance of the Ministry and its entities.</li>
	<li>monitor and oversee the implementation of the Department&rsquo;s policies and legislation</li>
	<li>consider sector-related international treaties and agreements; and</li>
	<li>provide a platform for the public to participate and present views on specific topics and/or legislation in relation to the public&nbsp;sector.&nbsp;</li>
</ul>

<p>Learn more about the work of this Committee:&nbsp;<a href=""https://pmg.org.za/page/LegacyReports"" target=""_blank"">Legacy Reports</a></p>

<p><strong>The role and functions of Committees in Parliament</strong><br />
In accordance with the powers given to it by the Constitution, the National Assembly establishes a range of committees with assigned powers and functions.&nbsp;</p>

<p>There is a portfolio committee for each corresponding government department. A committee deliberates on bills covering the department&rsquo;s area of jurisdiction and scrutinises and report on its annual budget and strategic plan. As the people&rsquo;s representatives, Members of the committees determine whether government departments are delivering on what they promised and whether they are spending the public money they receive in a responsible manner. As part of their oversight work, committees may also do site visits where they find out directly from the people at ground level whether the government is delivering on its promises.</p>

<p>If a committee reports on a matter and makes certain recommendations, that report will be debated in a full sitting or plenary to give other Members of the House an opportunity to engage with the content of the report. Once the report has been debated, the House decides whether to adopt the committee&rsquo;s recommendations. The House may also decide only to note the report, or it may refer the report back to the committee with an instruction to do further work.&nbsp;</p>

<p><strong>Committee Membership</strong></p>

<p>Committee membership is distributed among the parties roughly in proportion to the seats they get in Parliament, so if a party wins 20% of the seats, its MPs will occupy about 20% of committee positions</p>

<p>NA Committee are comprised of 11 Members. The composition is as follows: ANC (5); DA (3); MK (2); EFF (1) &amp; other parties (4). The four largest parties were given permanent positions, and the 14 other parties are grouped together to share the remaining slots.</p>

<p>Read more:&nbsp;&nbsp;<a href=""https://pmg.org.za/blog/Committees%20in%20the%20Seventh%20Parliament:%20Critical%20Forums%20for%20Oversight"">Committees in the Seventh Parliament: Critical Forums for Oversight</a></p>

<p><br />
<strong>Working in Committees allows Parliament to:</strong></p>

<ul>
	<li>Increase the amount of work that can be done</li>
	<li>Ensure that issues can be debated in more detail than in plenary sessions</li>
	<li>Increase the level of participation of Members of Parliament (MPs) in discussions</li>
	<li>Enable MPs to develop expertise and in-depth knowledge of the specific Committee&#39;s area of work</li>
	<li>Provide a platform for the public to present views directly to MPs, something which is not possible in a plenary sitting of Parliament</li>
	<li>Provide an environment for Parliament to hear evidence and collect information related to the work of a specific Committee</li>
</ul>

<p><strong>Powers</strong></p>

<p>Rule 167 of the&nbsp;<a href=""https://pmg.org.za/page/rules-parliament-guide-procedure"" target=""_blank"">National Assembly Rules (9th Edition)</a>&nbsp;say that for the purposes of performing its functions&nbsp; committee may, subject to the Constitution, legislation, the other provisions of these rules and resolutions of the Assembly:&nbsp;</p>

<ul>
	<li>Summon any person to appear before it to give evidence on oath or affirmation, or to produce documents</li>
	<li>Receive petitions, representations or submissions from interested persons or institutions</li>
	<li>Permit oral evidence on petitions, representations, submissions and any other matter before the committee</li>
	<li>Conduct public hearings</li>
	<li>Consult any Assembly or Council committee or subcommittee, or any joint committee or subcommittee</li>
	<li>Determine its own working arrangements</li>
	<li>Meet at a venue determined by it, which may be a venue beyond the seat of Parliament</li>
	<li>Meet on any and at any time, including on a day which is not a working day; on a day on which the Assembly is not sitting; at a time when the Assembly is not sitting, or during a recess.&nbsp;</li>
	<li>Exercise any other powers assigned to it by the Constitution, legislation, the other provisions of these rules or resolutions of the Assembly</li>
</ul>

<p><strong>Committees in Practice</strong></p>

<p>With the agreement of members, the Committee staff sets the dates and times of committee meetings. The frequency of committee meetings is determined by a committee&rsquo;s work programme but it is normal for a committee to meet weekly. From time to time, committees can meet more than once a week if they work programme so demands.</p>

<p>Section 59(1)(b) of the Constitution requires that the National Assembly and its committees conduct their business in an open manner and hold their sittings in public. Section 59(2) states that the National Assembly may not exclude the public or the media unless it is &lsquo;<em>reasonable and justifiable to do so in an open and democratic society&rsquo;.&nbsp;</em>Rule 184(2) of the Rules of the National Assembly further require that any decision to exclude the public from a committee meeting or part thereof must be taken &lsquo;after due consideration&rsquo; by that committee</p>

<p><strong>Who attends Committee Meetings:</strong></p>

<ul>
	<li>MPs (those assigned to the committee and if they so wish, any other MP)</li>
	<li>Committee Staff: Committee Secretary, Committee Assistant, Researcher, Content Advisor</li>
	<li>Departments, entities, organizations, individuals and experts who are invited by the Committee to speak and be questioned</li>
	<li>Parliamentary Legal Advisor (from time to time)</li>
	<li>Media</li>
	<li>General Public</li>
</ul>

<p><br />
&nbsp;</p>

<p><strong>THE DIFFERENT COMMITTEES OF PARLIAMENT</strong><br />
<br />
<strong>Portfolio Committees</strong><br />
The National Assembly (NA) appoints from among its members a number of Portfolio Committees to shadow the work of the various national government departments.</p>

<p><strong>Select Committees</strong><br />
The National Council of Provinces (NCOP) appoints from its permanent members a number of Select Committees to shadow the work of the various national government departments and to deal with Bills.<br />
<br />
Because only 54 of the 90 NCOP Members are permanent delegates compared to the 400 of the NA, the Select Committees oversee the work of more than one national government department.<br />
<br />
<strong>Public Accounts Committees</strong><br />
The National Assembly Standing Committee on Public Accounts acts as Parliament&#39;s watchdog over the way taxpayers&#39; money is spent by the Executive. Every year the Auditor-General tables reports on the accounts and financial management of the various government departments and State institutions.<br />
<br />
Heads of government departments and institutions are regularly called by this committee to report and account for expenditure. The Committee can recommend that the National Assembly takes corrective actions if necessary.<br />
<br />
<strong>Internal Committees</strong><br />
The National Assembly has a number of internal committees that deal with matters affecting the running of Parliament. The Committees normally consist of senior Members of Parliament. The Rules Committee and its sub-committees deal with House rules. There are structures to deal with support for Members, internal arrangements, disciplinary matters and powers and privileges of members. Other internal Committees are the Programme Committee that plans the work of the Assembly, the Disciplinary Committee, and the Committee of Chairpersons.<br />
<br />
The National Council of Provinces also has its own domestic Committees. The Rules Committee and its subcommittees deal with the NCOP rules. There are structures to deal with support for Members, internal arrangements, disciplinary matters and powers and privileges of members. The Programme Committee plans the work of the NCOP and the Committee of Chairpersons make recommendations about the functioning of Committees and other NCOP forums.<br />
<br />
<strong>Ad hoc Committees</strong><br />
Parliament or one of its Houses may appoint an ad hoc (temporary) Committee when a special task must be done. When the task is complete, the Committee is dissolved.<br />
<br />
<strong>Joint Committees</strong><br />
The National Assembly and the National Council of Provinces together appoint several joint committees. There are currently six Joint Committees:<br />
<br />
<strong>Committees play a very important role in the process of building democracy and involving the public in the processes and activities of Parliament.</strong></p>

<p>&nbsp;</p>

<p>&nbsp;</p>

<p>&nbsp;</p>

<p>&nbsp;</p>

<p>&nbsp;</p>

<p>&nbsp;</p>

<p>&nbsp;</p>","<p><strong>Secretary of Committee</strong></p>

<p>Masixole Zibeko&nbsp;</p>

<p>Tel: 021 403 8445</p>

<p>Cell:&nbsp;083 709 8531</p>

<p>Email: mzibeko@parliament.gov.za</p>

<p><strong>Chairperson&rsquo;s Secretary</strong></p>

<p>Mimi Kasi</p>

<p>Cell:&nbsp;083 709 8388</p>

<p>Email:&nbsp;mkasi@parliament.gov.za</p>

<p>&nbsp;</p>",false,3,false,22,"October 8, 2015, 1:27 PM","September 13, 2024, 1:53 PM",true,,true
391,Ad Hoc Committee to Investigate Allegations made by Lieutenant General Nhlanhla Mkhwanazi,,"<p>Committee Secretary</p>

<p>Mr.Pilate Gwebu</p>

<p>Cell: 083 709 8395</p>

<p>Email: pgwebu@parliament.gov.za<br />
<br />
Mr. Vhonani Ramaano</p>

<p>Cell: 083 709 8427</p>

<p>Email:&nbsp;vramaano@parliament.gov.za</p>

<p>Ms. Babalwa Mbengo</p>

<p>Cell: 083 709 8489</p>

<p>Email: bmbengo@parliament.gov.za</p>

<p>&nbsp;</p>",true,3,false,,"July 30, 2025, 9:31 PM","June 22, 2026, 3:23 PM",true,,true
32,Public Works and Infrastructure,"<p><strong>Oversight responsibility of Public Works and Infrastructure Portfolio Committee</strong></p>

<p>The<strong> </strong>Public Works and Infrastructure<strong> </strong>Portfolio Committee is responsible for oversight of the Department of<strong> </strong>Public Works and Infrastructure (<a href=""http://www.publicworks.gov.za/"">DPWI</a>) as well as the following statutory entities:</p>

<p><a href=""https://www.agrement.co.za/"">Agrement South Africa</a><br />
<a href=""https://cbe.org.za/"">Council for the Built Environment</a>&nbsp;(CBE)<br />
<a href=""http://cidb.org.za/Pages/Home.aspx"">Construction Industry Development Board</a>&nbsp;(CIDB)<br />
<a href=""https://www.ecsa.co.za/"">Engineering Council of South Africa</a><br />
<a href=""http://www.idt.org.za/"">Independent Development Trust&nbsp;</a>(IDT)<br />
<a href=""https://www.sacapsa.com/"">South African Council for the Architectural Profession</a><br />
<a href=""http://www.saclap.org.za/"">South African Council for the Landscape Architectural Profession</a><br />
<a href=""file:///C:/Users/User/Desktop/about/sacpcmp.org.za/"">South African Council for the Project and Construction Management Professions</a><br />
<a href=""https://www.sacpvp.co.za/"">South African Council for the Property Valuers Profession</a><br />
<a href=""https://www.sacqsp.org.za/"">South African Council for the Quantity Surveying Profession</a></p>

<p>The Committee is mandated to:&nbsp;</p>

<ul>
	<li>consider, amend and/or initiate legislation that is specific to, or impacts on public works and infrastructure<strong>.</strong></li>
	<li>consider and review the strategic plans and budgets of the Department and its entities.</li>
	<li>monitor and oversee the activities, financial and non-financial performance of the Ministry and its entities.</li>
	<li>monitor and oversee the implementation of the Department&rsquo;s policies and legislation</li>
	<li>consider sector-related international treaties and agreements; and</li>
	<li>provide a platform for the public to participate and present views on specific topics and/or legislation in relation to public work.&nbsp;</li>
</ul>

<p>Learn more about the work of this Committee:&nbsp;<a href=""https://pmg.org.za/page/LegacyReports"" target=""_blank"">Legacy Reports</a></p>

<p><strong>The role and functions of Committees in Parliament</strong><br />
In accordance with the powers given to it by the Constitution, the National Assembly establishes a range of committees with assigned powers and functions.&nbsp;</p>

<p>There is a portfolio committee for each corresponding government department. A committee deliberates on bills covering the department&rsquo;s area of jurisdiction and scrutinises and report on its annual budget and strategic plan. As the people&rsquo;s representatives, Members of the committees determine whether government departments are delivering on what they promised and whether they are spending the public money they receive in a responsible manner. As part of their oversight work, committees may also do site visits where they find out directly from the people at ground level whether the government is delivering on its promises.</p>

<p>If a committee reports on a matter and makes certain recommendations, that report will be debated in a full sitting or plenary to give other Members of the House an opportunity to engage with the content of the report. Once the report has been debated, the House decides whether to adopt the committee&rsquo;s recommendations. The House may also decide only to note the report, or it may refer the report back to the committee with an instruction to do further work.&nbsp;</p>

<p><strong>Committee Membership</strong></p>

<p>Committee membership is distributed among the parties roughly in proportion to the seats they get in Parliament, so if a party wins 20% of the seats, its MPs will occupy about 20% of committee positions</p>

<p>NA Committee are comprised of 11 Members. The composition is as follows: ANC (5); DA (3); MK (2); EFF (1) &amp; other parties (4). The four largest parties were given permanent positions, and the 14 other parties are grouped together to share the remaining slots.</p>

<p>Read more:&nbsp;&nbsp;<a href=""https://pmg.org.za/blog/Committees%20in%20the%20Seventh%20Parliament:%20Critical%20Forums%20for%20Oversight"">Committees in the Seventh Parliament: Critical Forums for Oversight</a></p>

<p><br />
<strong>Working in Committees allows Parliament to:</strong></p>

<ul>
	<li>Increase the amount of work that can be done</li>
	<li>Ensure that issues can be debated in more detail than in plenary sessions</li>
	<li>Increase the level of participation of Members of Parliament (MPs) in discussions</li>
	<li>Enable MPs to develop expertise and in-depth knowledge of the specific Committee&#39;s area of work</li>
	<li>Provide a platform for the public to present views directly to MPs, something which is not possible in a plenary sitting of Parliament</li>
	<li>Provide an environment for Parliament to hear evidence and collect information related to the work of a specific Committee</li>
</ul>

<p><strong>Powers</strong></p>

<p>Rule 167 of the&nbsp;<a href=""https://pmg.org.za/page/rules-parliament-guide-procedure"" target=""_blank"">National Assembly Rules (9th Edition)</a>&nbsp;say that for the purposes of performing its functions&nbsp; committee may, subject to the Constitution, legislation, the other provisions of these rules and resolutions of the Assembly:&nbsp;</p>

<ul>
	<li>Summon any person to appear before it to give evidence on oath or affirmation, or to produce documents</li>
	<li>Receive petitions, representations or submissions from interested persons or institutions</li>
	<li>Permit oral evidence on petitions, representations, submissions and any other matter before the committee</li>
	<li>Conduct public hearings</li>
	<li>Consult any Assembly or Council committee or subcommittee, or any joint committee or subcommittee</li>
	<li>Determine its own working arrangements</li>
	<li>Meet at a venue determined by it, which may be a venue beyond the seat of Parliament</li>
	<li>Meet on any and at any time, including on a day which is not a working day; on a day on which the Assembly is not sitting; at a time when the Assembly is not sitting, or during a recess.&nbsp;</li>
	<li>Exercise any other powers assigned to it by the Constitution, legislation, the other provisions of these rules or resolutions of the Assembly</li>
</ul>

<p><strong>Committees in Practice</strong></p>

<p>With the agreement of members, the Committee staff sets the dates and times of committee meetings. The frequency of committee meetings is determined by a committee&rsquo;s work programme but it is normal for a committee to meet weekly. From time to time, committees can meet more than once a week if they work programme so demands.</p>

<p>Section 59(1)(b) of the Constitution requires that the National Assembly and its committees conduct their business in an open manner and hold their sittings in public. Section 59(2) states that the National Assembly may not exclude the public or the media unless it is &lsquo;<em>reasonable and justifiable to do so in an open and democratic society&rsquo;.&nbsp;</em>Rule 184(2) of the Rules of the National Assembly further require that any decision to exclude the public from a committee meeting or part thereof must be taken &lsquo;after due consideration&rsquo; by that committee</p>

<p><strong>Who attends Committee Meetings:</strong></p>

<ul>
	<li>MPs (those assigned to the committee and if they so wish, any other MP)</li>
	<li>Committee Staff: Committee Secretary, Committee Assistant, Researcher, Content Advisor</li>
	<li>Departments, entities, organizations, individuals and experts who are invited by the Committee to speak and be questioned</li>
	<li>Parliamentary Legal Advisor (from time to time)</li>
	<li>Media</li>
	<li>General Public</li>
</ul>

<p><br />
&nbsp;</p>

<p><strong>THE DIFFERENT COMMITTEES OF PARLIAMENT</strong><br />
<br />
<strong>Portfolio Committees</strong><br />
The National Assembly (NA) appoints from among its members a number of Portfolio Committees to shadow the work of the various national government departments.</p>

<p><strong>Select Committees</strong><br />
The National Council of Provinces (NCOP) appoints from its permanent members a number of Select Committees to shadow the work of the various national government departments and to deal with Bills.<br />
<br />
Because only 54 of the 90 NCOP Members are permanent delegates compared to the 400 of the NA, the Select Committees oversee the work of more than one national government department.<br />
<br />
<strong>Public Accounts Committees</strong><br />
The National Assembly Standing Committee on Public Accounts acts as Parliament&#39;s watchdog over the way taxpayers&#39; money is spent by the Executive. Every year the Auditor-General tables reports on the accounts and financial management of the various government departments and State institutions.<br />
<br />
Heads of government departments and institutions are regularly called by this committee to report and account for expenditure. The Committee can recommend that the National Assembly takes corrective actions if necessary.<br />
<br />
<strong>Internal Committees</strong><br />
The National Assembly has a number of internal committees that deal with matters affecting the running of Parliament. The Committees normally consist of senior Members of Parliament. The Rules Committee and its sub-committees deal with House rules. There are structures to deal with support for Members, internal arrangements, disciplinary matters and powers and privileges of members. Other internal Committees are the Programme Committee that plans the work of the Assembly, the Disciplinary Committee, and the Committee of Chairpersons.<br />
<br />
The National Council of Provinces also has its own domestic Committees. The Rules Committee and its subcommittees deal with the NCOP rules. There are structures to deal with support for Members, internal arrangements, disciplinary matters and powers and privileges of members. The Programme Committee plans the work of the NCOP and the Committee of Chairpersons make recommendations about the functioning of Committees and other NCOP forums.<br />
<br />
<strong>Ad hoc Committees</strong><br />
Parliament or one of its Houses may appoint an ad hoc (temporary) Committee when a special task must be done. When the task is complete, the Committee is dissolved.<br />
<br />
<strong>Joint Committees</strong><br />
The National Assembly and the National Council of Provinces together appoint several joint committees. There are currently six Joint Committees:<br />
<br />
<strong>Committees play a very important role in the process of building democracy and involving the public in the processes and activities of Parliament.</strong></p>

<p>&nbsp;</p>

<p>&nbsp;</p>

<p>&nbsp;</p>

<p>&nbsp;</p>

<p>&nbsp;</p>

<p>&nbsp;</p>

<p>&nbsp;</p>

<p>&nbsp;</p>

<p>&nbsp;</p>

<p>&nbsp;</p>

<p>&nbsp;</p>

<p>&nbsp;</p>","<p><strong>Secretary of Committee</strong></p>

<p>CS: Nola Matinise<br />
<br />
Tel: 021 403 3780</p>

<p>Cell: 083 709 8397</p>

<p>Email:&nbsp;<a href=""mailto:nmatinise@parliament.gov.za"" target=""_blank"">nmatinise@parliament.gov.za</a></p>

<p><strong>Chairperson&rsquo;s Secretary</strong></p>

<p>Gadija Osman</p>

<p>Tel: 021 403 2847</p>

<p>Cell:&nbsp;083 709 8423</p>

<p>Email:&nbsp;gosman@parliament.gov.za</p>

<p>&nbsp;</p>

<p>&nbsp;</p>",false,3,false,23,"October 8, 2015, 1:27 PM","September 13, 2024, 1:55 PM",true,,true
103,Communications and Digital Technologies,"<p><strong>Oversight responsibility of Communications&nbsp;and Digital Technologies&nbsp;Portfolio Committee</strong></p>

<p>The Communications and Digital Technologies Portfolio Committee oversees the Department of Communications and Digital Technologies, and its statutory entities:&nbsp;</p>

<p><a href=""https://www.fpb.org.za/"">Films and Publication Board (FPB)</a></p>

<p><a href=""https://www.icasa.org.za/"">Independent Communications Authority of SA (ICASA)</a></p>

<p><a href=""http://www.sabc.co.za/sabc/"">South African Broadcasting Corporation (SABC)</a></p>

<p><a href=""https://www.mdda.org.za/"">Media Development and Diversity Agency (MDDA)&nbsp;</a></p>

<p><a href=""https://www.infraco.co.za/"">Broadband Infraco</a>&nbsp;(BBI)</p>

<p><a href=""https://www.gcis.gov.za/"">Government Communication&nbsp;and Information Systems (GCIS)</a></p>

<p><a href=""http://www.nemisa.co.za/"">NEMISA</a></p>

<p><a href=""https://www.postoffice.co.za/"">South African Post Office</a>&nbsp;(SAPO)</p>

<p><a href=""https://www.sentech.co.za/"">Sentech</a></p>

<p><a href=""http://www.sita.co.za/"">State Information Technology Agency (SITA)</a></p>

<p><a href=""http://www.usaasa.org.za/"">Universal Service and Access Agency of South Africa (USAASA)</a></p>

<p>Universal Service and Access Fund (USAF)</p>

<p><a href=""https://www.zadna.org.za/"">ZADNA</a></p>

<p>The Committee is mandated to:&nbsp;</p>

<ul>
	<li>consider, amend and/or initiate legislation that is specific to, or impacts on Communications and Digital Technologies</li>
	<li>consider and review the strategic plans and budgets of the Department and its entities.</li>
	<li>monitor and oversee the activities, financial and non-financial performance of the Ministry of Communications and Digital Technologies, including the Department and its entities.</li>
	<li>monitor and oversee the implementation of the Department&rsquo;s policies and legislation</li>
	<li>consider sector-related international treaties and agreements; and</li>
	<li>provide a platform for the public to participate and present views on specific topics and/or legislation in relation to the communications&nbsp;sector.</li>
</ul>

<p>Learn more about the work of this Committee:&nbsp;<a href=""https://pmg.org.za/page/LegacyReports"" target=""_blank"">Legacy Reports</a></p>

<p><strong>The role and functions of Committees in Parliament</strong><br />
In accordance with the powers given to it by the Constitution, the National Assembly establishes a range of committees with assigned powers and functions.&nbsp;</p>

<p>There is a portfolio committee for each corresponding government department. A committee deliberates on bills covering the department&rsquo;s area of jurisdiction and scrutinises and report on its annual budget and strategic plan. As the people&rsquo;s representatives, Members of the committees determine whether government departments are delivering on what they promised and whether they are spending the public money they receive in a responsible manner. As part of their oversight work, committees may also do site visits where they find out directly from the people at ground level whether the government is delivering on its promises.</p>

<p>If a committee reports on a matter and makes certain recommendations, that report will be debated in a full sitting or plenary to give other Members of the House an opportunity to engage with the content of the report. Once the report has been debated, the House decides whether to adopt the committee&rsquo;s recommendations. The House may also decide only to note the report, or it may refer the report back to the committee with an instruction to do further work.&nbsp;</p>

<p><strong>Committee Membership</strong></p>

<p>Committee membership is distributed among the parties roughly in proportion to the seats they get in Parliament, so if a party wins 20% of the seats, its MPs will occupy about 20% of committee positions</p>

<p>NA Committee are comprised of 11 Members. The composition is as follows: ANC (5); DA (3); MK (2); EFF (1) &amp; other parties (4). The four largest parties were given permanent positions, and the 14 other parties are grouped together to share the remaining slots.</p>

<p>Read more:&nbsp;&nbsp;<a href=""https://pmg.org.za/blog/Committees%20in%20the%20Seventh%20Parliament:%20Critical%20Forums%20for%20Oversight"">Committees in the Seventh Parliament: Critical Forums for Oversight</a></p>

<p><br />
<strong>Working in Committees allows Parliament to:</strong></p>

<ul>
	<li>Increase the amount of work that can be done</li>
	<li>Ensure that issues can be debated in more detail than in plenary sessions</li>
	<li>Increase the level of participation of Members of Parliament (MPs) in discussions</li>
	<li>Enable MPs to develop expertise and in-depth knowledge of the specific Committee&#39;s area of work</li>
	<li>Provide a platform for the public to present views directly to MPs, something which is not possible in a plenary sitting of Parliament</li>
	<li>Provide an environment for Parliament to hear evidence and collect information related to the work of a specific Committee</li>
</ul>

<p><strong>Powers</strong></p>

<p>Rule 167 of the&nbsp;<a href=""https://pmg.org.za/page/rules-parliament-guide-procedure"" target=""_blank"">National Assembly Rules (9th Edition)</a>&nbsp;say that for the purposes of performing its functions&nbsp; committee may, subject to the Constitution, legislation, the other provisions of these rules and resolutions of the Assembly:&nbsp;</p>

<ul>
	<li>Summon any person to appear before it to give evidence on oath or affirmation, or to produce documents</li>
	<li>Receive petitions, representations or submissions from interested persons or institutions</li>
	<li>Permit oral evidence on petitions, representations, submissions and any other matter before the committee</li>
	<li>Conduct public hearings</li>
	<li>Consult any Assembly or Council committee or subcommittee, or any joint committee or subcommittee</li>
	<li>Determine its own working arrangements</li>
	<li>Meet at a venue determined by it, which may be a venue beyond the seat of Parliament</li>
	<li>Meet on any and at any time, including on a day which is not a working day; on a day on which the Assembly is not sitting; at a time when the Assembly is not sitting, or during a recess.&nbsp;</li>
	<li>Exercise any other powers assigned to it by the Constitution, legislation, the other provisions of these rules or resolutions of the Assembly</li>
</ul>

<p><strong>Committees in Practice</strong></p>

<p>With the agreement of members, the Committee staff sets the dates and times of committee meetings. The frequency of committee meetings is determined by a committee&rsquo;s work programme but it is normal for a committee to meet weekly. From time to time, committees can meet more than once a week if they work programme so demands.</p>

<p>Section 59(1)(b) of the Constitution requires that the National Assembly and its committees conduct their business in an open manner and hold their sittings in public. Section 59(2) states that the National Assembly may not exclude the public or the media unless it is &lsquo;<em>reasonable and justifiable to do so in an open and democratic society&rsquo;.&nbsp;</em>Rule 184(2) of the Rules of the National Assembly further require that any decision to exclude the public from a committee meeting or part thereof must be taken &lsquo;after due consideration&rsquo; by that committee</p>

<p><strong>Who attends Committee Meetings:</strong></p>

<ul>
	<li>MPs (those assigned to the committee and if they so wish, any other MP)</li>
	<li>Committee Staff: Committee Secretary, Committee Assistant, Researcher, Content Advisor</li>
	<li>Departments, entities, organizations, individuals and experts who are invited by the Committee to speak and be questioned</li>
	<li>Parliamentary Legal Advisor (from time to time)</li>
	<li>Media</li>
	<li>General Public</li>
</ul>

<p>&nbsp;</p>

<p><strong>THE DIFFERENT COMMITTEES OF PARLIAMENT</strong><br />
<br />
<strong>Portfolio Committees</strong><br />
The National Assembly (NA) appoints from among its members a number of Portfolio Committees to shadow the work of the various national government departments.</p>

<p><strong>Select Committees</strong><br />
The National Council of Provinces (NCOP) appoints from its permanent members a number of Select Committees to shadow the work of the various national government departments and to deal with Bills.<br />
<br />
Because only 54 of the 90 NCOP Members are permanent delegates compared to the 400 of the NA, the Select Committees oversee the work of more than one national government department.<br />
<br />
<strong>Public Accounts Committees</strong><br />
The National Assembly Standing Committee on Public Accounts acts as Parliament&#39;s watchdog over the way taxpayers&#39; money is spent by the Executive. Every year the Auditor-General tables reports on the accounts and financial management of the various government departments and State institutions.<br />
<br />
Heads of government departments and institutions are regularly called by this committee to report and account for expenditure. The Committee can recommend that the National Assembly takes corrective actions if necessary.<br />
<br />
<strong>Internal Committees</strong><br />
The National Assembly has a number of internal committees that deal with matters affecting the running of Parliament. The Committees normally consist of senior Members of Parliament. The Rules Committee and its sub-committees deal with House rules. There are structures to deal with support for Members, internal arrangements, disciplinary matters and powers and privileges of members. Other internal Committees are the Programme Committee that plans the work of the Assembly, the Disciplinary Committee, and the Committee of Chairpersons.<br />
<br />
The National Council of Provinces also has its own domestic Committees. The Rules Committee and its subcommittees deal with the NCOP rules. There are structures to deal with support for Members, internal arrangements, disciplinary matters and powers and privileges of members. The Programme Committee plans the work of the NCOP and the Committee of Chairpersons make recommendations about the functioning of Committees and other NCOP forums.<br />
<br />
<strong>Ad hoc Committees</strong><br />
Parliament or one of its Houses may appoint an ad hoc (temporary) Committee when a special task must be done. When the task is complete, the Committee is dissolved.<br />
<br />
<strong>Joint Committees</strong><br />
The National Assembly and the National Council of Provinces together appoint several joint committees. There are currently six Joint Committees:<br />
<br />
<strong>Committees play a very important role in the process of building democracy and involving the public in the processes and activities of Parliament.</strong></p>","<p><strong>Secretaries&nbsp;of Committee</strong>:</p>

<p>Thembinkosi Ngoma</p>

<p>Tel: 021 403 3733</p>

<p>Cell: 083 709 8407</p>

<p>Email: tngoma@parliament.gov.za</p>

<p>Hajiera Salie</p>

<p>Tel: 021 403 8264</p>

<p>Cell: 061 472 9191</p>

<p>Email: hsalie@parliament.gov.za</p>

<p><strong>Chairperson&rsquo;s Secretary</strong></p>

<p>Loretta Lawrence</p>

<p>Email:&nbsp;llawrence@parliament.gov.za</p>

<p>&nbsp;</p>

<p>&nbsp;</p>

<p>&nbsp;</p>",false,3,true,4,"October 8, 2015, 1:27 PM","September 13, 2024, 11:45 AM",true,,true
65,Cooperative Governance and Traditional Affairs,"<p><strong>Oversight responsibility of Cooperative Governance and Traditional Affairs Portfolio Committee</strong></p>

<p>The Cooperative Governance and Traditional Affairs Portfolio Committee is responsible for oversight of the <a href=""https://www.cogta.gov.za/"">Department of Cooperative Governance and Traditional Affairs</a>&nbsp;(COGTA) as well as the following statutory entities:</p>

<p><a href=""https://www.crlcommission.org.za/"">CRL Rights Commission</a></p>

<p><a href=""http://www.demarcation.org.za/site/"">Municipal Demarcation Board</a>&nbsp;(MDB)</p>

<p><a href=""http://www.misa.gov.za/misa/"">Municipal Infrastructure Support Agency</a>&nbsp;(MISA)</p>

<p>National House of Traditional Leaders (NHTL)</p>

<p><a href=""http://www.sacities.net/"">SA Cities Network&nbsp;</a></p>

<p><a href=""http://www.salga.org.za/"">South African Local Government Association (SALGA)</a></p>

<p>The Committee is mandated to:&nbsp;</p>

<ul>
	<li>consider, amend and/or initiate legislation that is specific to, or impacts on&nbsp;Cooperative Governance and Traditional Affairs&nbsp;</li>
	<li>consider and review the strategic plans and budgets of the Department and its entities.</li>
	<li>monitor and oversee the activities, financial and non-financial performance of the Ministry of Cooperative Governance and Traditional Affairs&nbsp;and its entities.</li>
	<li>monitor and oversee the implementation of the Department&rsquo;s policies and legislation</li>
	<li>consider sector-related international treaties and agreements; and</li>
	<li>provide a platform for the public to participate and present views on specific topics and/or legislation in relation to cooperative governance and traditional affairs.</li>
</ul>

<p>Learn more about the work of this Committee:&nbsp;<a href=""https://pmg.org.za/page/LegacyReports"" target=""_blank"">Legacy Reports</a></p>

<p><strong>The role and functions of Committees in Parliament</strong><br />
In accordance with the powers given to it by the Constitution, the National Assembly establishes a range of committees with assigned powers and functions.&nbsp;</p>

<p>There is a portfolio committee for each corresponding government department. A committee deliberates on bills covering the department&rsquo;s area of jurisdiction and scrutinises and report on its annual budget and strategic plan. As the people&rsquo;s representatives, Members of the committees determine whether government departments are delivering on what they promised and whether they are spending the public money they receive in a responsible manner. As part of their oversight work, committees may also do site visits where they find out directly from the people at ground level whether the government is delivering on its promises.</p>

<p>If a committee reports on a matter and makes certain recommendations, that report will be debated in a full sitting or plenary to give other Members of the House an opportunity to engage with the content of the report. Once the report has been debated, the House decides whether to adopt the committee&rsquo;s recommendations. The House may also decide only to note the report, or it may refer the report back to the committee with an instruction to do further work.&nbsp;</p>

<p><strong>Committee Membership</strong></p>

<p>Committee membership is distributed among the parties roughly in proportion to the seats they get in Parliament, so if a party wins 20% of the seats, its MPs will occupy about 20% of committee positions</p>

<p>NA Committee are comprised of 11 Members. The composition is as follows: ANC (5); DA (3); MK (2); EFF (1) &amp; other parties (4). The four largest parties were given permanent positions, and the 14 other parties are grouped together to share the remaining slots.</p>

<p>Read more:&nbsp;&nbsp;<a href=""https://pmg.org.za/blog/Committees%20in%20the%20Seventh%20Parliament:%20Critical%20Forums%20for%20Oversight"">Committees in the Seventh Parliament: Critical Forums for Oversight</a></p>

<p><br />
<strong>Working in Committees allows Parliament to:</strong></p>

<ul>
	<li>Increase the amount of work that can be done</li>
	<li>Ensure that issues can be debated in more detail than in plenary sessions</li>
	<li>Increase the level of participation of Members of Parliament (MPs) in discussions</li>
	<li>Enable MPs to develop expertise and in-depth knowledge of the specific Committee&#39;s area of work</li>
	<li>Provide a platform for the public to present views directly to MPs, something which is not possible in a plenary sitting of Parliament</li>
	<li>Provide an environment for Parliament to hear evidence and collect information related to the work of a specific Committee</li>
</ul>

<p><strong>Powers</strong></p>

<p>Rule 167 of the&nbsp;<a href=""https://pmg.org.za/page/rules-parliament-guide-procedure"" target=""_blank"">National Assembly Rules (9th Edition)</a>&nbsp;say that for the purposes of performing its functions&nbsp; committee may, subject to the Constitution, legislation, the other provisions of these rules and resolutions of the Assembly:&nbsp;</p>

<ul>
	<li>Summon any person to appear before it to give evidence on oath or affirmation, or to produce documents</li>
	<li>Receive petitions, representations or submissions from interested persons or institutions</li>
	<li>Permit oral evidence on petitions, representations, submissions and any other matter before the committee</li>
	<li>Conduct public hearings</li>
	<li>Consult any Assembly or Council committee or subcommittee, or any joint committee or subcommittee</li>
	<li>Determine its own working arrangements</li>
	<li>Meet at a venue determined by it, which may be a venue beyond the seat of Parliament</li>
	<li>Meet on any and at any time, including on a day which is not a working day; on a day on which the Assembly is not sitting; at a time when the Assembly is not sitting, or during a recess.&nbsp;</li>
	<li>Exercise any other powers assigned to it by the Constitution, legislation, the other provisions of these rules or resolutions of the Assembly</li>
</ul>

<p><strong>Committees in Practice</strong></p>

<p>With the agreement of members, the Committee staff sets the dates and times of committee meetings. The frequency of committee meetings is determined by a committee&rsquo;s work programme but it is normal for a committee to meet weekly. From time to time, committees can meet more than once a week if they work programme so demands.</p>

<p>Section 59(1)(b) of the Constitution requires that the National Assembly and its committees conduct their business in an open manner and hold their sittings in public. Section 59(2) states that the National Assembly may not exclude the public or the media unless it is &lsquo;<em>reasonable and justifiable to do so in an open and democratic society&rsquo;.&nbsp;</em>Rule 184(2) of the Rules of the National Assembly further require that any decision to exclude the public from a committee meeting or part thereof must be taken &lsquo;after due consideration&rsquo; by that committee</p>

<p><strong>Who attends Committee Meetings:</strong></p>

<ul>
	<li>MPs (those assigned to the committee and if they so wish, any other MP)</li>
	<li>Committee Staff: Committee Secretary, Committee Assistant, Researcher, Content Advisor</li>
	<li>Departments, entities, organizations, individuals and experts who are invited by the Committee to speak and be questioned</li>
	<li>Parliamentary Legal Advisor (from time to time)</li>
	<li>Media</li>
	<li>General Public</li>
</ul>

<p><br />
&nbsp;</p>

<p><strong>THE DIFFERENT COMMITTEES OF PARLIAMENT</strong><br />
<br />
<strong>Portfolio Committees</strong><br />
The National Assembly (NA) appoints from among its members a number of Portfolio Committees to shadow the work of the various national government departments.</p>

<p><strong>Select Committees</strong><br />
The National Council of Provinces (NCOP) appoints from its permanent members a number of Select Committees to shadow the work of the various national government departments and to deal with Bills.<br />
<br />
Because only 54 of the 90 NCOP Members are permanent delegates compared to the 400 of the NA, the Select Committees oversee the work of more than one national government department.<br />
<br />
<strong>Public Accounts Committees</strong><br />
The National Assembly Standing Committee on Public Accounts acts as Parliament&#39;s watchdog over the way taxpayers&#39; money is spent by the Executive. Every year the Auditor-General tables reports on the accounts and financial management of the various government departments and State institutions.<br />
<br />
Heads of government departments and institutions are regularly called by this committee to report and account for expenditure. The Committee can recommend that the National Assembly takes corrective actions if necessary.<br />
<br />
<strong>Internal Committees</strong><br />
The National Assembly has a number of internal committees that deal with matters affecting the running of Parliament. The Committees normally consist of senior Members of Parliament. The Rules Committee and its sub-committees deal with House rules. There are structures to deal with support for Members, internal arrangements, disciplinary matters and powers and privileges of members. Other internal Committees are the Programme Committee that plans the work of the Assembly, the Disciplinary Committee, and the Committee of Chairpersons.<br />
<br />
The National Council of Provinces also has its own domestic Committees. The Rules Committee and its subcommittees deal with the NCOP rules. There are structures to deal with support for Members, internal arrangements, disciplinary matters and powers and privileges of members. The Programme Committee plans the work of the NCOP and the Committee of Chairpersons make recommendations about the functioning of Committees and other NCOP forums.<br />
<br />
<strong>Ad hoc Committees</strong><br />
Parliament or one of its Houses may appoint an ad hoc (temporary) Committee when a special task must be done. When the task is complete, the Committee is dissolved.<br />
<br />
<strong>Joint Committees</strong><br />
The National Assembly and the National Council of Provinces together appoint several joint committees. There are currently six Joint Committees:<br />
<br />
<strong>Committees play a very important role in the process of building democracy and involving the public in the processes and activities of Parliament.</strong></p>","<p><strong>Secretary of Committee</strong>:</p>

<p>Shereen Cassiem</p>

<p>Tel: 021 403 3769</p>

<p>Cell: 083 709 8533</p>

<p>Email: scassiem@parliament.gov.za</p>

<p><strong>Chairperson&rsquo;s Secretary</strong></p>

<p>Ms Noncedo Dinginto</p>

<p>Cell: 083 709 8400</p>

<p>Email:&nbsp;ndinginto@parliament.gov.za</p>

<p>&nbsp;</p>",false,3,true,5,"October 8, 2015, 1:27 PM","September 13, 2024, 11:49 AM",true,,true
392,Ad Hoc Committee to review and amend the Parliamentary Villages Management Board Act (Act No. 96 of 1998),,"<p><strong>Secretaries&nbsp;of Committee</strong>:</p>

<p>Dr Anneke Clark</p>

<p>Email:aclark@parliament.gov.za</p>

<p>&nbsp;</p>",true,3,false,,"October 7, 2025, 6:52 PM","July 31, 2026, 7:58 AM",true,,true
108,"Forestry, Fisheries and the Environment","<p><strong>Oversight responsibility of Forestry, Fisheries and the Environment​ Portfolio Committee</strong></p>

<p>The Forestry, Fisheries and the Environment Portfolio Committee is responsible for oversight of the <a href=""https://www.environment.gov.za/"">Department of Environment, Forestry and Fisheries</a>&nbsp;(DEFF) as well as the following statutory entities:</p>

<p><a href=""https://isimangaliso.com/"">iSimangaliso</a></p>

<p>Marine Living Resources Fund</p>

<p><a href=""https://www.sanbi.org/"">South African National Biodiversity Institute (SANBI)</a></p>

<p><a href=""https://www.sanparks.org/"">SANParks</a></p>

<p><a href=""http://www.weathersa.co.za/"">South African Weather Service (SAWS)</a></p>

<p>The Committee is mandated to:&nbsp;</p>

<ul>
	<li>consider, amend and/or initiate legislation that is specific to, or impacts on&nbsp;Forestry, Fisheries and the Environment​.</li>
	<li>consider and review the strategic plans and budgets of the Department and its entities.</li>
	<li>monitor and oversee the activities, financial and non-financial performance of the Ministry and its entities.</li>
	<li>monitor and oversee the implementation of the Department&rsquo;s policies and legislation</li>
	<li>consider sector-related international treaties and agreements; and</li>
	<li>provide a platform for the public to participate and present views on specific topics and/or legislation in relation to forestry, fisheries and the environment​.&nbsp;</li>
</ul>

<p>Learn more about the work of this Committee:&nbsp;<a href=""https://pmg.org.za/page/LegacyReports"" target=""_blank"">Legacy Reports</a></p>

<p><strong>The role and functions of Committees in Parliament</strong><br />
In accordance with the powers given to it by the Constitution, the National Assembly establishes a range of committees with assigned powers and functions.&nbsp;</p>

<p>There is a portfolio committee for each corresponding government department. A committee deliberates on bills covering the department&rsquo;s area of jurisdiction and scrutinises and report on its annual budget and strategic plan. As the people&rsquo;s representatives, Members of the committees determine whether government departments are delivering on what they promised and whether they are spending the public money they receive in a responsible manner. As part of their oversight work, committees may also do site visits where they find out directly from the people at ground level whether the government is delivering on its promises.</p>

<p>If a committee reports on a matter and makes certain recommendations, that report will be debated in a full sitting or plenary to give other Members of the House an opportunity to engage with the content of the report. Once the report has been debated, the House decides whether to adopt the committee&rsquo;s recommendations. The House may also decide only to note the report, or it may refer the report back to the committee with an instruction to do further work.&nbsp;</p>

<p><strong>Committee Membership</strong></p>

<p>Committee membership is distributed among the parties roughly in proportion to the seats they get in Parliament, so if a party wins 20% of the seats, its MPs will occupy about 20% of committee positions</p>

<p>NA Committee are comprised of 11 Members. The composition is as follows: ANC (5); DA (3); MK (2); EFF (1) &amp; other parties (4). The four largest parties were given permanent positions, and the 14 other parties are grouped together to share the remaining slots.</p>

<p>Read more:&nbsp;&nbsp;<a href=""https://pmg.org.za/blog/Committees%20in%20the%20Seventh%20Parliament:%20Critical%20Forums%20for%20Oversight"">Committees in the Seventh Parliament: Critical Forums for Oversight</a></p>

<p><br />
<strong>Working in Committees allows Parliament to:</strong></p>

<ul>
	<li>Increase the amount of work that can be done</li>
	<li>Ensure that issues can be debated in more detail than in plenary sessions</li>
	<li>Increase the level of participation of Members of Parliament (MPs) in discussions</li>
	<li>Enable MPs to develop expertise and in-depth knowledge of the specific Committee&#39;s area of work</li>
	<li>Provide a platform for the public to present views directly to MPs, something which is not possible in a plenary sitting of Parliament</li>
	<li>Provide an environment for Parliament to hear evidence and collect information related to the work of a specific Committee</li>
</ul>

<p><strong>Powers</strong></p>

<p>Rule 167 of the&nbsp;<a href=""https://pmg.org.za/page/rules-parliament-guide-procedure"" target=""_blank"">National Assembly Rules (9th Edition)</a>&nbsp;say that for the purposes of performing its functions&nbsp; committee may, subject to the Constitution, legislation, the other provisions of these rules and resolutions of the Assembly:&nbsp;</p>

<ul>
	<li>Summon any person to appear before it to give evidence on oath or affirmation, or to produce documents</li>
	<li>Receive petitions, representations or submissions from interested persons or institutions</li>
	<li>Permit oral evidence on petitions, representations, submissions and any other matter before the committee</li>
	<li>Conduct public hearings</li>
	<li>Consult any Assembly or Council committee or subcommittee, or any joint committee or subcommittee</li>
	<li>Determine its own working arrangements</li>
	<li>Meet at a venue determined by it, which may be a venue beyond the seat of Parliament</li>
	<li>Meet on any and at any time, including on a day which is not a working day; on a day on which the Assembly is not sitting; at a time when the Assembly is not sitting, or during a recess.&nbsp;</li>
	<li>Exercise any other powers assigned to it by the Constitution, legislation, the other provisions of these rules or resolutions of the Assembly</li>
</ul>

<p><strong>Committees in Practice</strong></p>

<p>With the agreement of members, the Committee staff sets the dates and times of committee meetings. The frequency of committee meetings is determined by a committee&rsquo;s work programme but it is normal for a committee to meet weekly. From time to time, committees can meet more than once a week if they work programme so demands.</p>

<p>Section 59(1)(b) of the Constitution requires that the National Assembly and its committees conduct their business in an open manner and hold their sittings in public. Section 59(2) states that the National Assembly may not exclude the public or the media unless it is &lsquo;<em>reasonable and justifiable to do so in an open and democratic society&rsquo;.&nbsp;</em>Rule 184(2) of the Rules of the National Assembly further require that any decision to exclude the public from a committee meeting or part thereof must be taken &lsquo;after due consideration&rsquo; by that committee</p>

<p><strong>Who attends Committee Meetings:</strong></p>

<ul>
	<li>MPs (those assigned to the committee and if they so wish, any other MP)</li>
	<li>Committee Staff: Committee Secretary, Committee Assistant, Researcher, Content Advisor</li>
	<li>Departments, entities, organizations, individuals and experts who are invited by the Committee to speak and be questioned</li>
	<li>Parliamentary Legal Advisor (from time to time)</li>
	<li>Media</li>
	<li>General Public</li>
</ul>

<p><br />
&nbsp;</p>

<p><strong>THE DIFFERENT COMMITTEES OF PARLIAMENT</strong><br />
<br />
<strong>Portfolio Committees</strong><br />
The National Assembly (NA) appoints from among its members a number of Portfolio Committees to shadow the work of the various national government departments.</p>

<p><strong>Select Committees</strong><br />
The National Council of Provinces (NCOP) appoints from its permanent members a number of Select Committees to shadow the work of the various national government departments and to deal with Bills.<br />
<br />
Because only 54 of the 90 NCOP Members are permanent delegates compared to the 400 of the NA, the Select Committees oversee the work of more than one national government department.<br />
<br />
<strong>Public Accounts Committees</strong><br />
The National Assembly Standing Committee on Public Accounts acts as Parliament&#39;s watchdog over the way taxpayers&#39; money is spent by the Executive. Every year the Auditor-General tables reports on the accounts and financial management of the various government departments and State institutions.<br />
<br />
Heads of government departments and institutions are regularly called by this committee to report and account for expenditure. The Committee can recommend that the National Assembly takes corrective actions if necessary.<br />
<br />
<strong>Internal Committees</strong><br />
The National Assembly has a number of internal committees that deal with matters affecting the running of Parliament. The Committees normally consist of senior Members of Parliament. The Rules Committee and its sub-committees deal with House rules. There are structures to deal with support for Members, internal arrangements, disciplinary matters and powers and privileges of members. Other internal Committees are the Programme Committee that plans the work of the Assembly, the Disciplinary Committee, and the Committee of Chairpersons.<br />
<br />
The National Council of Provinces also has its own domestic Committees. The Rules Committee and its subcommittees deal with the NCOP rules. There are structures to deal with support for Members, internal arrangements, disciplinary matters and powers and privileges of members. The Programme Committee plans the work of the NCOP and the Committee of Chairpersons make recommendations about the functioning of Committees and other NCOP forums.<br />
<br />
<strong>Ad hoc Committees</strong><br />
Parliament or one of its Houses may appoint an ad hoc (temporary) Committee when a special task must be done. When the task is complete, the Committee is dissolved.<br />
<br />
<strong>Joint Committees</strong><br />
The National Assembly and the National Council of Provinces together appoint several joint committees. There are currently six Joint Committees:<br />
<br />
<strong>Committees play a very important role in the process of building democracy and involving the public in the processes and activities of Parliament.</strong></p>","<p><strong>Secretary of Committee</strong>:</p>

<p>Tyhileka Madubela</p>

<p>Tel: 021 403 3713</p>

<p>Cell: 083 709 8401</p>

<p>Email: tmadubela@parliament.gov.za</p>

<p><strong>Chairperson&rsquo;s Secretary</strong></p>

<p>Ntombodumo Baleni</p>

<p>Cell: 061 488 4154</p>

<p>Email:&nbsp;nbaleni@parliament.gov.za</p>

<p>&nbsp;</p>",false,3,false,10,"October 8, 2015, 1:27 PM","September 13, 2024, 12:18 PM",true,,true
58,Mineral and Petroleum Resources,"<p><strong>Oversight responsibility of Mineral and Petroleum Resources&nbsp;Portfolio Committee</strong></p>

<p>The Mineral and Petroleum Resources&nbsp;Portfolio Committee is responsible for oversight of the Department of Mineral and Petroleum Resources<strong>&nbsp;</strong>as well as the following statutory entities:</p>

<p><a href=""http://www.geoscience.org.za/"">Council for Geoscience&nbsp;</a><br />
<a href=""http://www.mhsc.org.za/"">Mine Health and Safety Council&nbsp;</a>(MHSC)<br />
<a href=""https://www.mintek.co.za/"">Mintek</a><br />
<a href=""http://www.sadpmr.co.za/"">South African Diamond &amp; Precious Metals Regulator</a><br />
<a href=""file:///C:/Users/User/Desktop/about/statediamondtrader.gov.za/"">State Diamond Trader</a></p>

<p>The Committee is mandated to:&nbsp;</p>

<ul>
	<li>consider, amend and/or initiate legislation that is specific to, or impacts on Mineral&nbsp;and Petroleum Resources<strong>.</strong></li>
	<li>consider and review the strategic plans and budgets of the Department and its entities.</li>
	<li>monitor and oversee the activities, financial and non-financial performance of the Ministry and its entities.</li>
	<li>monitor and oversee the implementation of the Department&rsquo;s policies and legislation</li>
	<li>consider sector-related international treaties and agreements; and</li>
	<li>provide a platform for the public to participate and present views on specific topics and/or legislation in relation to the mining&nbsp;sector.&nbsp;</li>
</ul>

<p>Learn more about the work of this Committee:&nbsp;<a href=""https://pmg.org.za/page/LegacyReports"" target=""_blank"">Legacy Reports</a></p>

<p><strong>The role and functions of Committees in Parliament</strong><br />
In accordance with the powers given to it by the Constitution, the National Assembly establishes a range of committees with assigned powers and functions.&nbsp;</p>

<p>There is a portfolio committee for each corresponding government department. A committee deliberates on bills covering the department&rsquo;s area of jurisdiction and scrutinises and report on its annual budget and strategic plan. As the people&rsquo;s representatives, Members of the committees determine whether government departments are delivering on what they promised and whether they are spending the public money they receive in a responsible manner. As part of their oversight work, committees may also do site visits where they find out directly from the people at ground level whether the government is delivering on its promises.</p>

<p>If a committee reports on a matter and makes certain recommendations, that report will be debated in a full sitting or plenary to give other Members of the House an opportunity to engage with the content of the report. Once the report has been debated, the House decides whether to adopt the committee&rsquo;s recommendations. The House may also decide only to note the report, or it may refer the report back to the committee with an instruction to do further work.&nbsp;</p>

<p><strong>Committee Membership</strong></p>

<p>Committee membership is distributed among the parties roughly in proportion to the seats they get in Parliament, so if a party wins 20% of the seats, its MPs will occupy about 20% of committee positions</p>

<p>NA Committee are comprised of 11 Members. The composition is as follows: ANC (5); DA (3); MK (2); EFF (1) &amp; other parties (4). The four largest parties were given permanent positions, and the 14 other parties are grouped together to share the remaining slots.</p>

<p>Read more:&nbsp;&nbsp;<a href=""https://pmg.org.za/blog/Committees%20in%20the%20Seventh%20Parliament:%20Critical%20Forums%20for%20Oversight"">Committees in the Seventh Parliament: Critical Forums for Oversight</a></p>

<p><br />
<strong>Working in Committees allows Parliament to:</strong></p>

<ul>
	<li>Increase the amount of work that can be done</li>
	<li>Ensure that issues can be debated in more detail than in plenary sessions</li>
	<li>Increase the level of participation of Members of Parliament (MPs) in discussions</li>
	<li>Enable MPs to develop expertise and in-depth knowledge of the specific Committee&#39;s area of work</li>
	<li>Provide a platform for the public to present views directly to MPs, something which is not possible in a plenary sitting of Parliament</li>
	<li>Provide an environment for Parliament to hear evidence and collect information related to the work of a specific Committee</li>
</ul>

<p><strong>Powers</strong></p>

<p>Rule 167 of the&nbsp;<a href=""https://pmg.org.za/page/rules-parliament-guide-procedure"" target=""_blank"">National Assembly Rules (9th Edition)</a>&nbsp;say that for the purposes of performing its functions&nbsp; committee may, subject to the Constitution, legislation, the other provisions of these rules and resolutions of the Assembly:&nbsp;</p>

<ul>
	<li>Summon any person to appear before it to give evidence on oath or affirmation, or to produce documents</li>
	<li>Receive petitions, representations or submissions from interested persons or institutions</li>
	<li>Permit oral evidence on petitions, representations, submissions and any other matter before the committee</li>
	<li>Conduct public hearings</li>
	<li>Consult any Assembly or Council committee or subcommittee, or any joint committee or subcommittee</li>
	<li>Determine its own working arrangements</li>
	<li>Meet at a venue determined by it, which may be a venue beyond the seat of Parliament</li>
	<li>Meet on any and at any time, including on a day which is not a working day; on a day on which the Assembly is not sitting; at a time when the Assembly is not sitting, or during a recess.&nbsp;</li>
	<li>Exercise any other powers assigned to it by the Constitution, legislation, the other provisions of these rules or resolutions of the Assembly</li>
</ul>

<p><strong>Committees in Practice</strong></p>

<p>With the agreement of members, the Committee staff sets the dates and times of committee meetings. The frequency of committee meetings is determined by a committee&rsquo;s work programme but it is normal for a committee to meet weekly. From time to time, committees can meet more than once a week if they work programme so demands.</p>

<p>Section 59(1)(b) of the Constitution requires that the National Assembly and its committees conduct their business in an open manner and hold their sittings in public. Section 59(2) states that the National Assembly may not exclude the public or the media unless it is &lsquo;<em>reasonable and justifiable to do so in an open and democratic society&rsquo;.&nbsp;</em>Rule 184(2) of the Rules of the National Assembly further require that any decision to exclude the public from a committee meeting or part thereof must be taken &lsquo;after due consideration&rsquo; by that committee</p>

<p><strong>Who attends Committee Meetings:</strong></p>

<ul>
	<li>MPs (those assigned to the committee and if they so wish, any other MP)</li>
	<li>Committee Staff: Committee Secretary, Committee Assistant, Researcher, Content Advisor</li>
	<li>Departments, entities, organizations, individuals and experts who are invited by the Committee to speak and be questioned</li>
	<li>Parliamentary Legal Advisor (from time to time)</li>
	<li>Media</li>
	<li>General Public</li>
</ul>

<p><br />
&nbsp;</p>

<p><strong>THE DIFFERENT COMMITTEES OF PARLIAMENT</strong><br />
<br />
<strong>Portfolio Committees</strong><br />
The National Assembly (NA) appoints from among its members a number of Portfolio Committees to shadow the work of the various national government departments.</p>

<p><strong>Select Committees</strong><br />
The National Council of Provinces (NCOP) appoints from its permanent members a number of Select Committees to shadow the work of the various national government departments and to deal with Bills.<br />
<br />
Because only 54 of the 90 NCOP Members are permanent delegates compared to the 400 of the NA, the Select Committees oversee the work of more than one national government department.<br />
<br />
<strong>Public Accounts Committees</strong><br />
The National Assembly Standing Committee on Public Accounts acts as Parliament&#39;s watchdog over the way taxpayers&#39; money is spent by the Executive. Every year the Auditor-General tables reports on the accounts and financial management of the various government departments and State institutions.<br />
<br />
Heads of government departments and institutions are regularly called by this committee to report and account for expenditure. The Committee can recommend that the National Assembly takes corrective actions if necessary.<br />
<br />
<strong>Internal Committees</strong><br />
The National Assembly has a number of internal committees that deal with matters affecting the running of Parliament. The Committees normally consist of senior Members of Parliament. The Rules Committee and its sub-committees deal with House rules. There are structures to deal with support for Members, internal arrangements, disciplinary matters and powers and privileges of members. Other internal Committees are the Programme Committee that plans the work of the Assembly, the Disciplinary Committee, and the Committee of Chairpersons.<br />
<br />
The National Council of Provinces also has its own domestic Committees. The Rules Committee and its subcommittees deal with the NCOP rules. There are structures to deal with support for Members, internal arrangements, disciplinary matters and powers and privileges of members. The Programme Committee plans the work of the NCOP and the Committee of Chairpersons make recommendations about the functioning of Committees and other NCOP forums.<br />
<br />
<strong>Ad hoc Committees</strong><br />
Parliament or one of its Houses may appoint an ad hoc (temporary) Committee when a special task must be done. When the task is complete, the Committee is dissolved.<br />
<br />
<strong>Joint Committees</strong><br />
The National Assembly and the National Council of Provinces together appoint several joint committees. There are currently six Joint Committees:<br />
<br />
<strong>Committees play a very important role in the process of building democracy and involving the public in the processes and activities of Parliament.</strong></p>

<p>&nbsp;</p>

<p>&nbsp;</p>

<p>&nbsp;</p>

<p>&nbsp;</p>

<p>&nbsp;</p>

<p>&nbsp;</p>","<p><strong>Secretary of Committee</strong>:</p>

<p>Ayanda Boss</p>

<p>Tel: 021 403 3768</p>

<p>Cell: 083 709 8515</p>

<p>Email: aboss@parliament.gov.za&nbsp;</p>

<p><strong>Chairperson&rsquo;s Secretary</strong></p>

<p>Letitia Titus</p>

<p>Cell:&nbsp;083 436 0970</p>

<p>Email:&nbsp;ltitus@parliament.gov.za</p>",false,3,true,19,"October 8, 2015, 1:27 PM","September 13, 2024, 1:40 PM",true,,true
19,Social Development,"<p><strong>Oversight responsibility of Social Development Portfolio Committee</strong></p>

<p>The Social Development Portfolio Committee is responsible for oversight of the Department of<strong> </strong>Social Development<strong>&nbsp;</strong>(<a href=""https://www.dsd.gov.za/"">DSD</a>)<strong>&nbsp;</strong>as well as the following statutory entities:</p>

<p>Central Drug Authority (CDA)</p>

<p><a href=""https://www.nda.org.za/"">National Development Agency&nbsp;</a>(NDA)</p>

<p><a href=""http://www.sassa.gov.za/"">South African Social Security Agency</a> (SASSA)</p>

<p>The Committee is mandated to:&nbsp;</p>

<ul>
	<li>consider, amend and/or initiate legislation that is specific to, or impacts on Social Development<strong>.</strong></li>
	<li>consider and review the strategic plans and budgets of the Department and its entities.</li>
	<li>monitor and oversee the activities, financial and non-financial performance of the Ministry and its entities.</li>
	<li>monitor and oversee the implementation of the Department&rsquo;s policies and legislation</li>
	<li>consider sector-related international treaties and agreements; and</li>
	<li>provide a platform for the public to participate and present views on specific topics and/or legislation in relation to the social development sector.&nbsp;</li>
</ul>

<p>Learn more about the work of this Committee:&nbsp;<a href=""https://pmg.org.za/page/LegacyReports"" target=""_blank"">Legacy Reports</a></p>

<p><strong>The role and functions of Committees in Parliament</strong><br />
In accordance with the powers given to it by the Constitution, the National Assembly establishes a range of committees with assigned powers and functions.&nbsp;</p>

<p>There is a portfolio committee for each corresponding government department. A committee deliberates on bills covering the department&rsquo;s area of jurisdiction and scrutinises and report on its annual budget and strategic plan. As the people&rsquo;s representatives, Members of the committees determine whether government departments are delivering on what they promised and whether they are spending the public money they receive in a responsible manner. As part of their oversight work, committees may also do site visits where they find out directly from the people at ground level whether the government is delivering on its promises.</p>

<p>If a committee reports on a matter and makes certain recommendations, that report will be debated in a full sitting or plenary to give other Members of the House an opportunity to engage with the content of the report. Once the report has been debated, the House decides whether to adopt the committee&rsquo;s recommendations. The House may also decide only to note the report, or it may refer the report back to the committee with an instruction to do further work.&nbsp;</p>

<p><strong>Committee Membership</strong></p>

<p>Committee membership is distributed among the parties roughly in proportion to the seats they get in Parliament, so if a party wins 20% of the seats, its MPs will occupy about 20% of committee positions</p>

<p>NA Committee are comprised of 11 Members. The composition is as follows: ANC (5); DA (3); MK (2); EFF (1) &amp; other parties (4). The four largest parties were given permanent positions, and the 14 other parties are grouped together to share the remaining slots.</p>

<p>Read more:&nbsp;&nbsp;<a href=""https://pmg.org.za/blog/Committees%20in%20the%20Seventh%20Parliament:%20Critical%20Forums%20for%20Oversight"">Committees in the Seventh Parliament: Critical Forums for Oversight</a></p>

<p><br />
<strong>Working in Committees allows Parliament to:</strong></p>

<ul>
	<li>Increase the amount of work that can be done</li>
	<li>Ensure that issues can be debated in more detail than in plenary sessions</li>
	<li>Increase the level of participation of Members of Parliament (MPs) in discussions</li>
	<li>Enable MPs to develop expertise and in-depth knowledge of the specific Committee&#39;s area of work</li>
	<li>Provide a platform for the public to present views directly to MPs, something which is not possible in a plenary sitting of Parliament</li>
	<li>Provide an environment for Parliament to hear evidence and collect information related to the work of a specific Committee</li>
</ul>

<p><strong>Powers</strong></p>

<p>Rule 167 of the&nbsp;<a href=""https://pmg.org.za/page/rules-parliament-guide-procedure"" target=""_blank"">National Assembly Rules (9th Edition)</a>&nbsp;say that for the purposes of performing its functions&nbsp; committee may, subject to the Constitution, legislation, the other provisions of these rules and resolutions of the Assembly:&nbsp;</p>

<ul>
	<li>Summon any person to appear before it to give evidence on oath or affirmation, or to produce documents</li>
	<li>Receive petitions, representations or submissions from interested persons or institutions</li>
	<li>Permit oral evidence on petitions, representations, submissions and any other matter before the committee</li>
	<li>Conduct public hearings</li>
	<li>Consult any Assembly or Council committee or subcommittee, or any joint committee or subcommittee</li>
	<li>Determine its own working arrangements</li>
	<li>Meet at a venue determined by it, which may be a venue beyond the seat of Parliament</li>
	<li>Meet on any and at any time, including on a day which is not a working day; on a day on which the Assembly is not sitting; at a time when the Assembly is not sitting, or during a recess.&nbsp;</li>
	<li>Exercise any other powers assigned to it by the Constitution, legislation, the other provisions of these rules or resolutions of the Assembly</li>
</ul>

<p><strong>Committees in Practice</strong></p>

<p>With the agreement of members, the Committee staff sets the dates and times of committee meetings. The frequency of committee meetings is determined by a committee&rsquo;s work programme but it is normal for a committee to meet weekly. From time to time, committees can meet more than once a week if they work programme so demands.</p>

<p>Section 59(1)(b) of the Constitution requires that the National Assembly and its committees conduct their business in an open manner and hold their sittings in public. Section 59(2) states that the National Assembly may not exclude the public or the media unless it is &lsquo;<em>reasonable and justifiable to do so in an open and democratic society&rsquo;.&nbsp;</em>Rule 184(2) of the Rules of the National Assembly further require that any decision to exclude the public from a committee meeting or part thereof must be taken &lsquo;after due consideration&rsquo; by that committee</p>

<p><strong>Who attends Committee Meetings:</strong></p>

<ul>
	<li>MPs (those assigned to the committee and if they so wish, any other MP)</li>
	<li>Committee Staff: Committee Secretary, Committee Assistant, Researcher, Content Advisor</li>
	<li>Departments, entities, organizations, individuals and experts who are invited by the Committee to speak and be questioned</li>
	<li>Parliamentary Legal Advisor (from time to time)</li>
	<li>Media</li>
	<li>General Public</li>
</ul>

<p><br />
&nbsp;</p>

<p><strong>THE DIFFERENT COMMITTEES OF PARLIAMENT</strong><br />
<br />
<strong>Portfolio Committees</strong><br />
The National Assembly (NA) appoints from among its members a number of Portfolio Committees to shadow the work of the various national government departments.</p>

<p><strong>Select Committees</strong><br />
The National Council of Provinces (NCOP) appoints from its permanent members a number of Select Committees to shadow the work of the various national government departments and to deal with Bills.<br />
<br />
Because only 54 of the 90 NCOP Members are permanent delegates compared to the 400 of the NA, the Select Committees oversee the work of more than one national government department.<br />
<br />
<strong>Public Accounts Committees</strong><br />
The National Assembly Standing Committee on Public Accounts acts as Parliament&#39;s watchdog over the way taxpayers&#39; money is spent by the Executive. Every year the Auditor-General tables reports on the accounts and financial management of the various government departments and State institutions.<br />
<br />
Heads of government departments and institutions are regularly called by this committee to report and account for expenditure. The Committee can recommend that the National Assembly takes corrective actions if necessary.<br />
<br />
<strong>Internal Committees</strong><br />
The National Assembly has a number of internal committees that deal with matters affecting the running of Parliament. The Committees normally consist of senior Members of Parliament. The Rules Committee and its sub-committees deal with House rules. There are structures to deal with support for Members, internal arrangements, disciplinary matters and powers and privileges of members. Other internal Committees are the Programme Committee that plans the work of the Assembly, the Disciplinary Committee, and the Committee of Chairpersons.<br />
<br />
The National Council of Provinces also has its own domestic Committees. The Rules Committee and its subcommittees deal with the NCOP rules. There are structures to deal with support for Members, internal arrangements, disciplinary matters and powers and privileges of members. The Programme Committee plans the work of the NCOP and the Committee of Chairpersons make recommendations about the functioning of Committees and other NCOP forums.<br />
<br />
<strong>Ad hoc Committees</strong><br />
Parliament or one of its Houses may appoint an ad hoc (temporary) Committee when a special task must be done. When the task is complete, the Committee is dissolved.<br />
<br />
<strong>Joint Committees</strong><br />
The National Assembly and the National Council of Provinces together appoint several joint committees. There are currently six Joint Committees:<br />
<br />
<strong>Committees play a very important role in the process of building democracy and involving the public in the processes and activities of Parliament.</strong></p>

<p>&nbsp;</p>

<p>&nbsp;</p>

<p>&nbsp;</p>

<p>&nbsp;</p>

<p>&nbsp;</p>

<p>&nbsp;</p>

<p>&nbsp;</p>

<p>&nbsp;</p>

<p>&nbsp;</p>

<p>&nbsp;</p>","<p><strong>Secretary of Committee:</strong></p>

<p>Lindiwe Ntsabo</p>

<p>Tel: 021 403 8230</p>

<p>Cell: 083 709 8524</p>

<p>Email: lntsabo@parliament.gov.za</p>

<p><strong>Chairperson&rsquo;s Secretary</strong></p>

<p>Thandeka Marubelele</p>

<p>Tel: 021 403 3225</p>

<p>Cell:&nbsp;061 438 5850</p>

<p>Email:tmarubelele@parliament.gov.za</p>

<p>&nbsp;</p>",false,3,false,27,"October 8, 2015, 1:27 PM","September 13, 2024, 2:07 PM",true,,true
116,Small Business Development,"<p><strong>Oversight responsibility of Small Business Development Portfolio Committee</strong></p>

<p>The Small Business Development Portfolio Committee is responsible for oversight of the Department of<strong> </strong>Small Business Development (<a href=""http://www.dsbd.gov.za/"">DSBD</a>) as well as the following statutory entities:</p>

<p><a href=""http://www.seda.org.za/"">Small Enterprises Development Agency</a> (SEDA)<br />
<a href=""https://www.sefa.org.za/"">Small Enterprise Finance Agency</a>&nbsp;(SEFA)</p>

<p>The Committee is mandated to:&nbsp;</p>

<ul>
	<li>consider, amend and/or initiate legislation that is specific to, or impacts on Small Business Development<strong>.</strong></li>
	<li>consider and review the strategic plans and budgets of the Department and its entities.</li>
	<li>monitor and oversee the activities, financial and non-financial performance of the Ministry and its entities.</li>
	<li>monitor and oversee the implementation of the Department&rsquo;s policies and legislation</li>
	<li>consider sector-related international treaties and agreements; and</li>
	<li>provide a platform for the public to participate and present views on specific topics and/or legislation in relation to the small and medium enterprises&nbsp;sector.&nbsp;</li>
</ul>

<p>Learn more about the work of this Committee:&nbsp;<a href=""https://pmg.org.za/page/LegacyReports"" target=""_blank"">Legacy Reports</a></p>

<p><strong>The role and functions of Committees in Parliament</strong><br />
In accordance with the powers given to it by the Constitution, the National Assembly establishes a range of committees with assigned powers and functions.&nbsp;</p>

<p>There is a portfolio committee for each corresponding government department. A committee deliberates on bills covering the department&rsquo;s area of jurisdiction and scrutinises and report on its annual budget and strategic plan. As the people&rsquo;s representatives, Members of the committees determine whether government departments are delivering on what they promised and whether they are spending the public money they receive in a responsible manner. As part of their oversight work, committees may also do site visits where they find out directly from the people at ground level whether the government is delivering on its promises.</p>

<p>If a committee reports on a matter and makes certain recommendations, that report will be debated in a full sitting or plenary to give other Members of the House an opportunity to engage with the content of the report. Once the report has been debated, the House decides whether to adopt the committee&rsquo;s recommendations. The House may also decide only to note the report, or it may refer the report back to the committee with an instruction to do further work.&nbsp;</p>

<p><strong>Committee Membership</strong></p>

<p>Committee membership is distributed among the parties roughly in proportion to the seats they get in Parliament, so if a party wins 20% of the seats, its MPs will occupy about 20% of committee positions</p>

<p>NA Committee are comprised of 11 Members. The composition is as follows: ANC (5); DA (3); MK (2); EFF (1) &amp; other parties (4). The four largest parties were given permanent positions, and the 14 other parties are grouped together to share the remaining slots.</p>

<p>Read more:&nbsp;&nbsp;<a href=""https://pmg.org.za/blog/Committees%20in%20the%20Seventh%20Parliament:%20Critical%20Forums%20for%20Oversight"">Committees in the Seventh Parliament: Critical Forums for Oversight</a></p>

<p><br />
<strong>Working in Committees allows Parliament to:</strong></p>

<ul>
	<li>Increase the amount of work that can be done</li>
	<li>Ensure that issues can be debated in more detail than in plenary sessions</li>
	<li>Increase the level of participation of Members of Parliament (MPs) in discussions</li>
	<li>Enable MPs to develop expertise and in-depth knowledge of the specific Committee&#39;s area of work</li>
	<li>Provide a platform for the public to present views directly to MPs, something which is not possible in a plenary sitting of Parliament</li>
	<li>Provide an environment for Parliament to hear evidence and collect information related to the work of a specific Committee</li>
</ul>

<p><strong>Powers</strong></p>

<p>Rule 167 of the&nbsp;<a href=""https://pmg.org.za/page/rules-parliament-guide-procedure"" target=""_blank"">National Assembly Rules (9th Edition)</a>&nbsp;say that for the purposes of performing its functions&nbsp; committee may, subject to the Constitution, legislation, the other provisions of these rules and resolutions of the Assembly:&nbsp;</p>

<ul>
	<li>Summon any person to appear before it to give evidence on oath or affirmation, or to produce documents</li>
	<li>Receive petitions, representations or submissions from interested persons or institutions</li>
	<li>Permit oral evidence on petitions, representations, submissions and any other matter before the committee</li>
	<li>Conduct public hearings</li>
	<li>Consult any Assembly or Council committee or subcommittee, or any joint committee or subcommittee</li>
	<li>Determine its own working arrangements</li>
	<li>Meet at a venue determined by it, which may be a venue beyond the seat of Parliament</li>
	<li>Meet on any and at any time, including on a day which is not a working day; on a day on which the Assembly is not sitting; at a time when the Assembly is not sitting, or during a recess.&nbsp;</li>
	<li>Exercise any other powers assigned to it by the Constitution, legislation, the other provisions of these rules or resolutions of the Assembly</li>
</ul>

<p><strong>Committees in Practice</strong></p>

<p>With the agreement of members, the Committee staff sets the dates and times of committee meetings. The frequency of committee meetings is determined by a committee&rsquo;s work programme but it is normal for a committee to meet weekly. From time to time, committees can meet more than once a week if they work programme so demands.</p>

<p>Section 59(1)(b) of the Constitution requires that the National Assembly and its committees conduct their business in an open manner and hold their sittings in public. Section 59(2) states that the National Assembly may not exclude the public or the media unless it is &lsquo;<em>reasonable and justifiable to do so in an open and democratic society&rsquo;.&nbsp;</em>Rule 184(2) of the Rules of the National Assembly further require that any decision to exclude the public from a committee meeting or part thereof must be taken &lsquo;after due consideration&rsquo; by that committee</p>

<p><strong>Who attends Committee Meetings:</strong></p>

<ul>
	<li>MPs (those assigned to the committee and if they so wish, any other MP)</li>
	<li>Committee Staff: Committee Secretary, Committee Assistant, Researcher, Content Advisor</li>
	<li>Departments, entities, organizations, individuals and experts who are invited by the Committee to speak and be questioned</li>
	<li>Parliamentary Legal Advisor (from time to time)</li>
	<li>Media</li>
	<li>General Public</li>
</ul>

<p><br />
&nbsp;</p>

<p><strong>THE DIFFERENT COMMITTEES OF PARLIAMENT</strong><br />
<br />
<strong>Portfolio Committees</strong><br />
The National Assembly (NA) appoints from among its members a number of Portfolio Committees to shadow the work of the various national government departments.</p>

<p><strong>Select Committees</strong><br />
The National Council of Provinces (NCOP) appoints from its permanent members a number of Select Committees to shadow the work of the various national government departments and to deal with Bills.<br />
<br />
Because only 54 of the 90 NCOP Members are permanent delegates compared to the 400 of the NA, the Select Committees oversee the work of more than one national government department.<br />
<br />
<strong>Public Accounts Committees</strong><br />
The National Assembly Standing Committee on Public Accounts acts as Parliament&#39;s watchdog over the way taxpayers&#39; money is spent by the Executive. Every year the Auditor-General tables reports on the accounts and financial management of the various government departments and State institutions.<br />
<br />
Heads of government departments and institutions are regularly called by this committee to report and account for expenditure. The Committee can recommend that the National Assembly takes corrective actions if necessary.<br />
<br />
<strong>Internal Committees</strong><br />
The National Assembly has a number of internal committees that deal with matters affecting the running of Parliament. The Committees normally consist of senior Members of Parliament. The Rules Committee and its sub-committees deal with House rules. There are structures to deal with support for Members, internal arrangements, disciplinary matters and powers and privileges of members. Other internal Committees are the Programme Committee that plans the work of the Assembly, the Disciplinary Committee, and the Committee of Chairpersons.<br />
<br />
The National Council of Provinces also has its own domestic Committees. The Rules Committee and its subcommittees deal with the NCOP rules. There are structures to deal with support for Members, internal arrangements, disciplinary matters and powers and privileges of members. The Programme Committee plans the work of the NCOP and the Committee of Chairpersons make recommendations about the functioning of Committees and other NCOP forums.<br />
<br />
<strong>Ad hoc Committees</strong><br />
Parliament or one of its Houses may appoint an ad hoc (temporary) Committee when a special task must be done. When the task is complete, the Committee is dissolved.<br />
<br />
<strong>Joint Committees</strong><br />
The National Assembly and the National Council of Provinces together appoint several joint committees. There are currently six Joint Committees:<br />
<br />
<strong>Committees play a very important role in the process of building democracy and involving the public in the processes and activities of Parliament.</strong></p>","<p><strong>Secretary of Committee</strong>:</p>

<p>King Kunene&nbsp;</p>

<p>Tel: 021 403 3772<br />
<br />
Cell: 082 335 2839</p>

<p>Cell: &nbsp;071 363 2252</p>

<p>Email: kkunene@parliament.gov.za</p>

<p><strong>Chairperson&rsquo;s Secretary</strong></p>

<p>Nomtha Zixesha</p>

<p>Tel: 021 403 2615</p>

<p>Cell:&nbsp;083 709 8518</p>

<p>Email:&nbsp;nzixesha@parliament.gov.za</p>",false,3,false,26,"October 8, 2015, 1:27 PM","September 13, 2024, 2:04 PM",true,,true
94,"Sport, Arts and Culture","<p><strong>Oversight responsibility of Sports, Arts and Culture Portfolio Committee</strong></p>

<p>The Sports, Arts and Culture Portfolio Committee is responsible for oversight of the <a href=""http://www.dac.gov.za/"">Department of<strong> </strong>Sports, Arts and Culture</a> as well as the following statutory entities:</p>

<p><a href=""https://www.boxingsa.co.za/"">Boxing SA&nbsp;</a><br />
SA Institute for&nbsp;<a href=""http://www.drugfreesport.org.za/"">Drug Free Sport&nbsp;</a></p>

<p><a href=""http://www.taalmuseum.co.za/"">Afrikaans Taal Monument</a></p>

<p><a href=""http://www.nelm.org.za/"">Amazwi South African Museum of Literature</a></p>

<p><a href=""https://pmg.org.za/files/ARTSCAPE_ANNUAL_REPORT_20172018.pdf"">Artscape</a><br />
<a href=""https://www.ditsong.org.za/"">Ditsong Museums</a><br />
<a href=""https://www.freedompark.co.za/"">Freedom Park</a><br />
<a href=""http://www.iziko.org.za/%E2%80%8E"">IZIKO</a><br />
<a href=""http://www.nmsa.org.za/"">KZN Museum</a><br />
<a href=""file:///C:/Users/User/Desktop/about/luthulimuseum.org.za/"">Luthuli Museum</a><br />
<a href=""https://markettheatre.co.za/"">Market Theatre</a><br />
<a href=""https://www.msunduzimuseum.org.za/"">Msunduzi Museum&nbsp;</a><br />
<a href=""https://www.nac.org.za/"">National Arts Council&nbsp;</a><br />
<a href=""http://www.nfvf.co.za/"">National Film and Video Foundation&nbsp;</a><br />
<a href=""http://www.nhc.org.za/"">National Heritage Council&nbsp;</a><br />
<a href=""http://www.nlsa.ac.za/"">National Library of SA&nbsp;</a></p>

<p><a href=""https://nasmus.co.za/"">National Museum&nbsp;</a><br />
<a href=""https://www.nelsonmandelamuseum.org.za/"">Nelson Mandela Museum</a><br />
Performing Arts Centre of the Free State (<a href=""https://www.pacofs.co.za/"">PACOFS</a>)<br />
<a href=""http://www.pansalb.org/"">PanSALB</a><br />
<a href=""file:///C:/Users/User/Desktop/about/playhousecompany.com/"">Playhouse Company</a><br />
<a href=""http://www.robben-island.org.za/"">Robben Island Museum</a>&nbsp;and World Hertiage Site&nbsp;<br />
<a href=""https://www.sahra.org.za/"">SA Heritage Resources Agency</a><br />
<a href=""https://salb.org.za/"">South African Library for the Blind</a><br />
<a href=""http://www.statetheatre.co.za/"">South African State Theatre</a></p>

<p><a href=""https://www.msunduzimuseum.org.za/"">Voortrekker/ Msunduzi Museum</a></p>

<p><a href=""https://www.wmbr.org.za/"">War Museum of the Boer Republics&nbsp;</a><br />
<a href=""http://www.whag.co.za/"">William Humphreys Art Gallery&nbsp;</a></p>

<p>The Committee is mandated to:&nbsp;</p>

<ul>
	<li>consider, amend and/or initiate legislation that is specific to, or impacts on Sports, Arts and Culture<strong>.</strong></li>
	<li>consider and review the strategic plans and budgets of the Department and its entities.</li>
	<li>monitor and oversee the activities, financial and non-financial performance of the Ministry and its entities.</li>
	<li>monitor and oversee the implementation of the Department&rsquo;s policies and legislation</li>
	<li>consider sector-related international treaties and agreements; and</li>
	<li>provide a platform for the public to participate and present views on specific topics and/or legislation in relation to sports, arts and culture.&nbsp;</li>
</ul>

<p>Learn more about the work of this Committee:&nbsp;<a href=""https://pmg.org.za/page/LegacyReports"" target=""_blank"">Legacy Reports</a></p>

<p><strong>The role and functions of Committees in Parliament</strong><br />
In accordance with the powers given to it by the Constitution, the National Assembly establishes a range of committees with assigned powers and functions.&nbsp;</p>

<p>There is a portfolio committee for each corresponding government department. A committee deliberates on bills covering the department&rsquo;s area of jurisdiction and scrutinises and report on its annual budget and strategic plan. As the people&rsquo;s representatives, Members of the committees determine whether government departments are delivering on what they promised and whether they are spending the public money they receive in a responsible manner. As part of their oversight work, committees may also do site visits where they find out directly from the people at ground level whether the government is delivering on its promises.</p>

<p>If a committee reports on a matter and makes certain recommendations, that report will be debated in a full sitting or plenary to give other Members of the House an opportunity to engage with the content of the report. Once the report has been debated, the House decides whether to adopt the committee&rsquo;s recommendations. The House may also decide only to note the report, or it may refer the report back to the committee with an instruction to do further work.&nbsp;</p>

<p><strong>Committee Membership</strong></p>

<p>Committee membership is distributed among the parties roughly in proportion to the seats they get in Parliament, so if a party wins 20% of the seats, its MPs will occupy about 20% of committee positions</p>

<p>NA Committee are comprised of 11 Members. The composition is as follows: ANC (5); DA (3); MK (2); EFF (1) &amp; other parties (4). The four largest parties were given permanent positions, and the 14 other parties are grouped together to share the remaining slots.</p>

<p>Read more:&nbsp;&nbsp;<a href=""https://pmg.org.za/blog/Committees%20in%20the%20Seventh%20Parliament:%20Critical%20Forums%20for%20Oversight"">Committees in the Seventh Parliament: Critical Forums for Oversight</a></p>

<p><br />
<strong>Working in Committees allows Parliament to:</strong></p>

<ul>
	<li>Increase the amount of work that can be done</li>
	<li>Ensure that issues can be debated in more detail than in plenary sessions</li>
	<li>Increase the level of participation of Members of Parliament (MPs) in discussions</li>
	<li>Enable MPs to develop expertise and in-depth knowledge of the specific Committee&#39;s area of work</li>
	<li>Provide a platform for the public to present views directly to MPs, something which is not possible in a plenary sitting of Parliament</li>
	<li>Provide an environment for Parliament to hear evidence and collect information related to the work of a specific Committee</li>
</ul>

<p><strong>Powers</strong></p>

<p>Rule 167 of the&nbsp;<a href=""https://pmg.org.za/page/rules-parliament-guide-procedure"" target=""_blank"">National Assembly Rules (9th Edition)</a>&nbsp;say that for the purposes of performing its functions&nbsp; committee may, subject to the Constitution, legislation, the other provisions of these rules and resolutions of the Assembly:&nbsp;</p>

<ul>
	<li>Summon any person to appear before it to give evidence on oath or affirmation, or to produce documents</li>
	<li>Receive petitions, representations or submissions from interested persons or institutions</li>
	<li>Permit oral evidence on petitions, representations, submissions and any other matter before the committee</li>
	<li>Conduct public hearings</li>
	<li>Consult any Assembly or Council committee or subcommittee, or any joint committee or subcommittee</li>
	<li>Determine its own working arrangements</li>
	<li>Meet at a venue determined by it, which may be a venue beyond the seat of Parliament</li>
	<li>Meet on any and at any time, including on a day which is not a working day; on a day on which the Assembly is not sitting; at a time when the Assembly is not sitting, or during a recess.&nbsp;</li>
	<li>Exercise any other powers assigned to it by the Constitution, legislation, the other provisions of these rules or resolutions of the Assembly</li>
</ul>

<p><strong>Committees in Practice</strong></p>

<p>With the agreement of members, the Committee staff sets the dates and times of committee meetings. The frequency of committee meetings is determined by a committee&rsquo;s work programme but it is normal for a committee to meet weekly. From time to time, committees can meet more than once a week if they work programme so demands.</p>

<p>Section 59(1)(b) of the Constitution requires that the National Assembly and its committees conduct their business in an open manner and hold their sittings in public. Section 59(2) states that the National Assembly may not exclude the public or the media unless it is &lsquo;<em>reasonable and justifiable to do so in an open and democratic society&rsquo;.&nbsp;</em>Rule 184(2) of the Rules of the National Assembly further require that any decision to exclude the public from a committee meeting or part thereof must be taken &lsquo;after due consideration&rsquo; by that committee</p>

<p><strong>Who attends Committee Meetings:</strong></p>

<ul>
	<li>MPs (those assigned to the committee and if they so wish, any other MP)</li>
	<li>Committee Staff: Committee Secretary, Committee Assistant, Researcher, Content Advisor</li>
	<li>Departments, entities, organizations, individuals and experts who are invited by the Committee to speak and be questioned</li>
	<li>Parliamentary Legal Advisor (from time to time)</li>
	<li>Media</li>
	<li>General Public</li>
</ul>

<p><br />
&nbsp;</p>

<p><strong>THE DIFFERENT COMMITTEES OF PARLIAMENT</strong><br />
<br />
<strong>Portfolio Committees</strong><br />
The National Assembly (NA) appoints from among its members a number of Portfolio Committees to shadow the work of the various national government departments.</p>

<p><strong>Select Committees</strong><br />
The National Council of Provinces (NCOP) appoints from its permanent members a number of Select Committees to shadow the work of the various national government departments and to deal with Bills.<br />
<br />
Because only 54 of the 90 NCOP Members are permanent delegates compared to the 400 of the NA, the Select Committees oversee the work of more than one national government department.<br />
<br />
<strong>Public Accounts Committees</strong><br />
The National Assembly Standing Committee on Public Accounts acts as Parliament&#39;s watchdog over the way taxpayers&#39; money is spent by the Executive. Every year the Auditor-General tables reports on the accounts and financial management of the various government departments and State institutions.<br />
<br />
Heads of government departments and institutions are regularly called by this committee to report and account for expenditure. The Committee can recommend that the National Assembly takes corrective actions if necessary.<br />
<br />
<strong>Internal Committees</strong><br />
The National Assembly has a number of internal committees that deal with matters affecting the running of Parliament. The Committees normally consist of senior Members of Parliament. The Rules Committee and its sub-committees deal with House rules. There are structures to deal with support for Members, internal arrangements, disciplinary matters and powers and privileges of members. Other internal Committees are the Programme Committee that plans the work of the Assembly, the Disciplinary Committee, and the Committee of Chairpersons.<br />
<br />
The National Council of Provinces also has its own domestic Committees. The Rules Committee and its subcommittees deal with the NCOP rules. There are structures to deal with support for Members, internal arrangements, disciplinary matters and powers and privileges of members. The Programme Committee plans the work of the NCOP and the Committee of Chairpersons make recommendations about the functioning of Committees and other NCOP forums.<br />
<br />
<strong>Ad hoc Committees</strong><br />
Parliament or one of its Houses may appoint an ad hoc (temporary) Committee when a special task must be done. When the task is complete, the Committee is dissolved.<br />
<br />
<strong>Joint Committees</strong><br />
The National Assembly and the National Council of Provinces together appoint several joint committees. There are currently six Joint Committees:<br />
<br />
<strong>Committees play a very important role in the process of building democracy and involving the public in the processes and activities of Parliament.</strong></p>

<p>&nbsp;</p>

<p>&nbsp;</p>

<p>&nbsp;</p>","<p><strong>Secretary of Committee:</strong></p>

<p>Ajabulile Mtiya</p>

<p>Tel: 021 403 8106</p>

<p>Cell: 083 709 8389</p>

<p>Email: amtiya@parliament.gov.za</p>

<p>CS: Zoleka Kula<br />
<br />
Tel: 021 403 8646<br />
<br />
Cell: 083 707 2185</p>

<p>Email:&nbsp;<a href=""mailto:zkula@parliament.gov.za"" target=""_blank"">zkula@parliament.gov.za</a></p>

<p><strong>Chairperson&rsquo;s Secretary</strong></p>

<p>Bulelwa Kulata</p>

<p>Cell: 061 438 2985</p>

<p>Email:&nbsp;bkulata@parliament.gov.za</p>

<p>&nbsp;</p>",false,3,false,28,"October 8, 2015, 1:27 PM","September 13, 2024, 2:10 PM",true,,true
9,Tourism,"<p><strong>Oversight responsibility of Tourism Portfolio Committee</strong></p>

<p>The Tourism Portfolio Committee is responsible for oversight of the <a href=""https://www.tourism.gov.za/Pages/home.aspx"">Department of<strong> </strong>Tourism</a><strong> </strong>as well as the following statutory entities:</p>

<p><a href=""https://www.southafrica.net/"">SA Tourism</a></p>

<p>The Committee is mandated to:&nbsp;</p>

<ul>
	<li>consider, amend and/or initiate legislation that is specific to, or impacts on Tourism<strong>.</strong></li>
	<li>consider and review the strategic plans and budgets of the Department and its entities.</li>
	<li>monitor and oversee the activities, financial and non-financial performance of the Ministry and its entities.</li>
	<li>monitor and oversee the implementation of the Department&rsquo;s policies and legislation</li>
	<li>consider sector-related international treaties and agreements; and</li>
	<li>provide a platform for the public to participate and present views on specific topics and/or legislation in relation to the tourism sector.&nbsp;</li>
</ul>

<p>Learn more about the work of this Committee:&nbsp;<a href=""https://pmg.org.za/page/LegacyReports"" target=""_blank"">Legacy Reports</a></p>

<p><strong>The role and functions of Committees in Parliament</strong><br />
In accordance with the powers given to it by the Constitution, the National Assembly establishes a range of committees with assigned powers and functions.&nbsp;</p>

<p>There is a portfolio committee for each corresponding government department. A committee deliberates on bills covering the department&rsquo;s area of jurisdiction and scrutinises and report on its annual budget and strategic plan. As the people&rsquo;s representatives, Members of the committees determine whether government departments are delivering on what they promised and whether they are spending the public money they receive in a responsible manner. As part of their oversight work, committees may also do site visits where they find out directly from the people at ground level whether the government is delivering on its promises.</p>

<p>If a committee reports on a matter and makes certain recommendations, that report will be debated in a full sitting or plenary to give other Members of the House an opportunity to engage with the content of the report. Once the report has been debated, the House decides whether to adopt the committee&rsquo;s recommendations. The House may also decide only to note the report, or it may refer the report back to the committee with an instruction to do further work.&nbsp;</p>

<p><strong>Committee Membership</strong></p>

<p>Committee membership is distributed among the parties roughly in proportion to the seats they get in Parliament, so if a party wins 20% of the seats, its MPs will occupy about 20% of committee positions</p>

<p>NA Committee are comprised of 11 Members. The composition is as follows: ANC (5); DA (3); MK (2); EFF (1) &amp; other parties (4). The four largest parties were given permanent positions, and the 14 other parties are grouped together to share the remaining slots.</p>

<p>Read more:&nbsp;&nbsp;<a href=""https://pmg.org.za/blog/Committees%20in%20the%20Seventh%20Parliament:%20Critical%20Forums%20for%20Oversight"">Committees in the Seventh Parliament: Critical Forums for Oversight</a></p>

<p><br />
<strong>Working in Committees allows Parliament to:</strong></p>

<ul>
	<li>Increase the amount of work that can be done</li>
	<li>Ensure that issues can be debated in more detail than in plenary sessions</li>
	<li>Increase the level of participation of Members of Parliament (MPs) in discussions</li>
	<li>Enable MPs to develop expertise and in-depth knowledge of the specific Committee&#39;s area of work</li>
	<li>Provide a platform for the public to present views directly to MPs, something which is not possible in a plenary sitting of Parliament</li>
	<li>Provide an environment for Parliament to hear evidence and collect information related to the work of a specific Committee</li>
</ul>

<p><strong>Powers</strong></p>

<p>Rule 167 of the&nbsp;<a href=""https://pmg.org.za/page/rules-parliament-guide-procedure"" target=""_blank"">National Assembly Rules (9th Edition)</a>&nbsp;say that for the purposes of performing its functions&nbsp; committee may, subject to the Constitution, legislation, the other provisions of these rules and resolutions of the Assembly:&nbsp;</p>

<ul>
	<li>Summon any person to appear before it to give evidence on oath or affirmation, or to produce documents</li>
	<li>Receive petitions, representations or submissions from interested persons or institutions</li>
	<li>Permit oral evidence on petitions, representations, submissions and any other matter before the committee</li>
	<li>Conduct public hearings</li>
	<li>Consult any Assembly or Council committee or subcommittee, or any joint committee or subcommittee</li>
	<li>Determine its own working arrangements</li>
	<li>Meet at a venue determined by it, which may be a venue beyond the seat of Parliament</li>
	<li>Meet on any and at any time, including on a day which is not a working day; on a day on which the Assembly is not sitting; at a time when the Assembly is not sitting, or during a recess.&nbsp;</li>
	<li>Exercise any other powers assigned to it by the Constitution, legislation, the other provisions of these rules or resolutions of the Assembly</li>
</ul>

<p><strong>Committees in Practice</strong></p>

<p>With the agreement of members, the Committee staff sets the dates and times of committee meetings. The frequency of committee meetings is determined by a committee&rsquo;s work programme but it is normal for a committee to meet weekly. From time to time, committees can meet more than once a week if they work programme so demands.</p>

<p>Section 59(1)(b) of the Constitution requires that the National Assembly and its committees conduct their business in an open manner and hold their sittings in public. Section 59(2) states that the National Assembly may not exclude the public or the media unless it is &lsquo;<em>reasonable and justifiable to do so in an open and democratic society&rsquo;.&nbsp;</em>Rule 184(2) of the Rules of the National Assembly further require that any decision to exclude the public from a committee meeting or part thereof must be taken &lsquo;after due consideration&rsquo; by that committee</p>

<p><strong>Who attends Committee Meetings:</strong></p>

<ul>
	<li>MPs (those assigned to the committee and if they so wish, any other MP)</li>
	<li>Committee Staff: Committee Secretary, Committee Assistant, Researcher, Content Advisor</li>
	<li>Departments, entities, organizations, individuals and experts who are invited by the Committee to speak and be questioned</li>
	<li>Parliamentary Legal Advisor (from time to time)</li>
	<li>Media</li>
	<li>General Public</li>
</ul>

<p><br />
&nbsp;</p>

<p><strong>THE DIFFERENT COMMITTEES OF PARLIAMENT</strong><br />
<br />
<strong>Portfolio Committees</strong><br />
The National Assembly (NA) appoints from among its members a number of Portfolio Committees to shadow the work of the various national government departments.</p>

<p><strong>Select Committees</strong><br />
The National Council of Provinces (NCOP) appoints from its permanent members a number of Select Committees to shadow the work of the various national government departments and to deal with Bills.<br />
<br />
Because only 54 of the 90 NCOP Members are permanent delegates compared to the 400 of the NA, the Select Committees oversee the work of more than one national government department.<br />
<br />
<strong>Public Accounts Committees</strong><br />
The National Assembly Standing Committee on Public Accounts acts as Parliament&#39;s watchdog over the way taxpayers&#39; money is spent by the Executive. Every year the Auditor-General tables reports on the accounts and financial management of the various government departments and State institutions.<br />
<br />
Heads of government departments and institutions are regularly called by this committee to report and account for expenditure. The Committee can recommend that the National Assembly takes corrective actions if necessary.<br />
<br />
<strong>Internal Committees</strong><br />
The National Assembly has a number of internal committees that deal with matters affecting the running of Parliament. The Committees normally consist of senior Members of Parliament. The Rules Committee and its sub-committees deal with House rules. There are structures to deal with support for Members, internal arrangements, disciplinary matters and powers and privileges of members. Other internal Committees are the Programme Committee that plans the work of the Assembly, the Disciplinary Committee, and the Committee of Chairpersons.<br />
<br />
The National Council of Provinces also has its own domestic Committees. The Rules Committee and its subcommittees deal with the NCOP rules. There are structures to deal with support for Members, internal arrangements, disciplinary matters and powers and privileges of members. The Programme Committee plans the work of the NCOP and the Committee of Chairpersons make recommendations about the functioning of Committees and other NCOP forums.<br />
<br />
<strong>Ad hoc Committees</strong><br />
Parliament or one of its Houses may appoint an ad hoc (temporary) Committee when a special task must be done. When the task is complete, the Committee is dissolved.<br />
<br />
<strong>Joint Committees</strong><br />
The National Assembly and the National Council of Provinces together appoint several joint committees. There are currently six Joint Committees:<br />
<br />
<strong>Committees play a very important role in the process of building democracy and involving the public in the processes and activities of Parliament.</strong></p>

<p>&nbsp;</p>

<p>&nbsp;</p>

<p>&nbsp;</p>","<p><strong>Secretary of Committee:</strong></p>

<p>Disang Mocumi</p>

<p>Tel: 021 403 8115</p>

<p>Cell: 083 709 8512</p>

<p>Email: dmocumi@parliament.gov.za</p>

<p><strong>Chairperson&rsquo;s Secretary</strong></p>

<p>Sindiswa Sixaso&nbsp;</p>

<p>Tel: 021 403 3051</p>

<p>Cell:&nbsp;083 709 8480</p>

<p>Email:&nbsp;ssixaso@parliament.gov.za</p>

<p>&nbsp;</p>",false,3,false,30,"October 8, 2015, 1:27 PM","September 13, 2024, 2:18 PM",true,,true
24,Finance Standing Committee,"<p><strong>Oversight responsibility of Finance Standing Committee</strong></p>

<p>The Finance Standing&nbsp;Committee is responsible for oversight of <a href=""http://www.treasury.gov.za/"">National Treasury</a>&nbsp;as well as the following statutory entities:</p>

<p><a href=""file:///C:/Users/User/Desktop/about/Accounting%20Standards%20Board"">Accounting Standards Board</a></p>

<p>Co-operative Banks Development Agency</p>

<p><a href=""https://www.dbsa.org/"">Development Bank of SA (DBSA)</a></p>

<p><a href=""https://www.faisombud.co.za/"">FAIS Ombudsman</a></p>

<p><a href=""http://www.fic.gov.za/Pages/Home.aspx"">Financial Intelligence Centre (FIC)</a></p>

<p><a href=""https://www.ffc.co.za/"">Financial and Fiscal Commission&nbsp;</a></p>

<p><a href=""https://www.fsca.co.za/"">F</a><a href=""https://www.fsca.co.za/Pages/Default.aspx"">inancial Sector Conduct Authority&nbsp;</a></p>

<p><a href=""https://www.gpaa.gov.za/"">Government Pensions Administration Agency</a> (GPAA)</p>

<p><a href=""https://www.gtac.gov.za/"">Government Technical Advisory Centre</a></p>

<p><a href=""file:///C:/Users/User/Desktop/about/Independent%20Regulatory%20Board%20for%20Auditors"">Independent Regulatory Board for Auditors</a> (IRBA)</p>

<p><a href=""https://landbank.co.za/"">Land Bank</a></p>

<p><a href=""https://www.pfa.org.za/"">Pension Funds Adjudicator</a></p>

<p><a href=""https://www.pic.gov.za/"">Public Investment Corporation (PIC)</a></p>

<p><a href=""https://www.sasria.co.za/"">SA Special Risks Insurance Association (SASRIA)</a></p>

<p><a href=""https://www.sars.gov.za/"">SA Revenue Service (SARS)</a></p>

<p><a href=""https://www.resbank.co.za/"">South African Reserve Bank (SARB)</a></p>

<p><a href=""http://www.taxombud.gov.za/Pages/default.aspx"">Tax ombud&nbsp;</a></p>

<p>The Committee is mandated to:&nbsp;</p>

<ul>
	<li>consider, amend and/or initiate legislation that is specific to, or impacts on the National Treasury.</li>
	<li>consider and review the strategic plans and budgets of the Department and its entities.</li>
	<li>monitor and oversee the activities, financial and non-financial performance of the Ministry and its entities.</li>
	<li>monitor and oversee the implementation of the Department&rsquo;s policies and legislation</li>
	<li>consider sector-related international treaties and agreements; and</li>
	<li>provide a platform for the public to participate and present views on specific topics and/or legislation in relation to the economic sector and the national budget.&nbsp;</li>
</ul>

<p><span style=""font-family: &quot;Open Sans&quot;, &quot;Helvetica Neue&quot;, Helvetica, Arial, sans-serif; font-size: 14px;"">Learn more about the work of this Committee:&nbsp;</span><a href=""https://pmg.org.za/page/LegacyReports"" style=""box-sizing: border-box; color: rgb(1, 120, 216); text-decoration: none; font-family: &quot;Open Sans&quot;, &quot;Helvetica Neue&quot;, Helvetica, Arial, sans-serif; font-size: 14px;"" target=""_blank"">Legacy Reports</a></p>

<p><strong>The role and functions of Committees in Parliament</strong><br />
In accordance with the powers given to it by the Constitution, the National Assembly establishes a range of committees with assigned powers and functions.&nbsp;</p>

<p>There is a portfolio committee for each corresponding government department. A committee deliberates on bills covering the department&rsquo;s area of jurisdiction and scrutinises and report on its annual budget and strategic plan. As the people&rsquo;s representatives, Members of the committees determine whether government departments are delivering on what they promised and whether they are spending the public money they receive in a responsible manner. As part of their oversight work, committees may also do site visits where they find out directly from the people at ground level whether the government is delivering on its promises.</p>

<p>If a committee reports on a matter and makes certain recommendations, that report will be debated in a full sitting or plenary to give other Members of the House an opportunity to engage with the content of the report. Once the report has been debated, the House decides whether to adopt the committee&rsquo;s recommendations. The House may also decide only to note the report, or it may refer the report back to the committee with an instruction to do further work.&nbsp;</p>

<p><strong>Committee Membership</strong></p>

<p>Committee membership is distributed among the parties roughly in proportion to the seats they get in Parliament, so if a party wins 20% of the seats, its MPs will occupy about 20% of committee positions</p>

<p>NA Committee are comprised of 11 Members. The composition is as follows: ANC (5); DA (3); MK (2); EFF (1) &amp; other parties (4). The four largest parties were given permanent positions, and the 14 other parties are grouped together to share the remaining slots.</p>

<p>Read more:&nbsp;&nbsp;<a href=""https://pmg.org.za/blog/Committees%20in%20the%20Seventh%20Parliament:%20Critical%20Forums%20for%20Oversight"">Committees in the Seventh Parliament: Critical Forums for Oversight</a></p>

<p><br />
<strong>Working in Committees allows Parliament to:</strong></p>

<ul>
	<li>Increase the amount of work that can be done</li>
	<li>Ensure that issues can be debated in more detail than in plenary sessions</li>
	<li>Increase the level of participation of Members of Parliament (MPs) in discussions</li>
	<li>Enable MPs to develop expertise and in-depth knowledge of the specific Committee&#39;s area of work</li>
	<li>Provide a platform for the public to present views directly to MPs, something which is not possible in a plenary sitting of Parliament</li>
	<li>Provide an environment for Parliament to hear evidence and collect information related to the work of a specific Committee</li>
</ul>

<p><strong>Powers</strong></p>

<p>Rule 167 of the&nbsp;<a href=""https://pmg.org.za/page/rules-parliament-guide-procedure"" target=""_blank"">National Assembly Rules (9th Edition)</a>&nbsp;say that for the purposes of performing its functions&nbsp; committee may, subject to the Constitution, legislation, the other provisions of these rules and resolutions of the Assembly:&nbsp;</p>

<ul>
	<li>Summon any person to appear before it to give evidence on oath or affirmation, or to produce documents</li>
	<li>Receive petitions, representations or submissions from interested persons or institutions</li>
	<li>Permit oral evidence on petitions, representations, submissions and any other matter before the committee</li>
	<li>Conduct public hearings</li>
	<li>Consult any Assembly or Council committee or subcommittee, or any joint committee or subcommittee</li>
	<li>Determine its own working arrangements</li>
	<li>Meet at a venue determined by it, which may be a venue beyond the seat of Parliament</li>
	<li>Meet on any and at any time, including on a day which is not a working day; on a day on which the Assembly is not sitting; at a time when the Assembly is not sitting, or during a recess.&nbsp;</li>
	<li>Exercise any other powers assigned to it by the Constitution, legislation, the other provisions of these rules or resolutions of the Assembly</li>
</ul>

<p><strong>Committees in Practice</strong></p>

<p>With the agreement of members, the Committee staff sets the dates and times of committee meetings. The frequency of committee meetings is determined by a committee&rsquo;s work programme but it is normal for a committee to meet weekly. From time to time, committees can meet more than once a week if they work programme so demands.</p>

<p>Section 59(1)(b) of the Constitution requires that the National Assembly and its committees conduct their business in an open manner and hold their sittings in public. Section 59(2) states that the National Assembly may not exclude the public or the media unless it is &lsquo;<em>reasonable and justifiable to do so in an open and democratic society&rsquo;.&nbsp;</em>Rule 184(2) of the Rules of the National Assembly further require that any decision to exclude the public from a committee meeting or part thereof must be taken &lsquo;after due consideration&rsquo; by that committee</p>

<p><strong>Who attends Committee Meetings:</strong></p>

<ul>
	<li>MPs (those assigned to the committee and if they so wish, any other MP)</li>
	<li>Committee Staff: Committee Secretary, Committee Assistant, Researcher, Content Advisor</li>
	<li>Departments, entities, organizations, individuals and experts who are invited by the Committee to speak and be questioned</li>
	<li>Parliamentary Legal Advisor (from time to time)</li>
	<li>Media</li>
	<li>General Public</li>
</ul>

<p><br />
&nbsp;</p>

<p><strong>THE DIFFERENT COMMITTEES OF PARLIAMENT</strong><br />
<br />
<strong>Portfolio Committees</strong><br />
The National Assembly (NA) appoints from among its members a number of Portfolio Committees to shadow the work of the various national government departments.</p>

<p><strong>Select Committees</strong><br />
The National Council of Provinces (NCOP) appoints from its permanent members a number of Select Committees to shadow the work of the various national government departments and to deal with Bills.<br />
<br />
Because only 54 of the 90 NCOP Members are permanent delegates compared to the 400 of the NA, the Select Committees oversee the work of more than one national government department.<br />
<br />
<strong>Public Accounts Committees</strong><br />
The National Assembly Standing Committee on Public Accounts acts as Parliament&#39;s watchdog over the way taxpayers&#39; money is spent by the Executive. Every year the Auditor-General tables reports on the accounts and financial management of the various government departments and State institutions.<br />
<br />
Heads of government departments and institutions are regularly called by this committee to report and account for expenditure. The Committee can recommend that the National Assembly takes corrective actions if necessary.<br />
<br />
<strong>Internal Committees</strong><br />
The National Assembly has a number of internal committees that deal with matters affecting the running of Parliament. The Committees normally consist of senior Members of Parliament. The Rules Committee and its sub-committees deal with House rules. There are structures to deal with support for Members, internal arrangements, disciplinary matters and powers and privileges of members. Other internal Committees are the Programme Committee that plans the work of the Assembly, the Disciplinary Committee, and the Committee of Chairpersons.<br />
<br />
The National Council of Provinces also has its own domestic Committees. The Rules Committee and its subcommittees deal with the NCOP rules. There are structures to deal with support for Members, internal arrangements, disciplinary matters and powers and privileges of members. The Programme Committee plans the work of the NCOP and the Committee of Chairpersons make recommendations about the functioning of Committees and other NCOP forums.<br />
<br />
<strong>Ad hoc Committees</strong><br />
Parliament or one of its Houses may appoint an ad hoc (temporary) Committee when a special task must be done. When the task is complete, the Committee is dissolved.<br />
<br />
<strong>Joint Committees</strong><br />
The National Assembly and the National Council of Provinces together appoint several joint committees. There are currently six Joint Committees:<br />
<br />
<strong>Committees play a very important role in the process of building democracy and involving the public in the processes and activities of Parliament.</strong></p>","<p><strong>Secretary of Committee:</strong></p>

<p>Allan Wicomb</p>

<p>Tel: 021 403 3759</p>

<p>Cell: 083 412 1475</p>

<p>Email: awicomb@parliament.gov.za</p>

<p>CS: Teboho Sepanya<br />
<br />
Tel:&nbsp;021&nbsp;403 3738<br />
<br />
Cell:&nbsp;071&nbsp;363 2349</p>

<p>Email:&nbsp;<a href=""mailto:tsepanya@parliament.gov.za"" target=""_blank"">tsepanya@parliament.gov.za</a></p>

<p><strong>Secretary To Chairperson</strong>:</p>

<p>Chantelle Arends</p>

<p>Cell:&nbsp;083 709 8467</p>

<p>Email:&nbsp;carends@parliament.gov.za</p>",false,3,true,11,"October 8, 2015, 1:27 PM","July 15, 2024, 4:32 AM",true,,true
72,Powers and Privileges of Parliament,"<p>There is a Powers and Privileges Committee as required by Section 12 of the Powers and Privileges Act.</p>

<p><strong>Composition</strong></p>

<p>The Committee consists of the number of Assembly Members that the Speaker may determine with the concurrence of the Rules Committee, subject to the provisions of Rule 154.</p>

<p>Meetings of the Committee must be held in closed session when the Committee considers a matter affecting a specific Member or Members and the Committee regards that matter to be confidential, unless the Committee decides to open a meeting in the public interest.</p>

<p><strong>Functions</strong></p>

<p>The Committee must consider any matter referred to it by the Speaker relating to contempt of Parliament or misconduct&nbsp;by a Member or a request to have a response recorded in terms of Section 25 of the Powers and Privileges Act, except a breach of the Code of Conduct contained in the Schedule to the Joint Rules.</p>

<p>Upon receipt of a matter relating to contempt of Parliament or misconduct by a Member, the Committee must deal with the matter in accordance with the procedure contained in the Schedule to the Rules of the National Assembly.</p>

<p>The Committee must table a report in the Assembly on its findings and recommendations in respect of any alleged contempt of Parliament, as defined in Section 13 of the Powers and Privileges Act, or misconduct.</p>

<p>If it is found that a Member is guilty of contempt or misconduct, the Committee must recommend an appropriate penalty from those contained in Section 12(5) of the Powers and Privileges Act.</p>

<p>The Assembly may impose the recommended penalty, an alternative penalty contained in Section 12(5) of the Powers and Privileges Act, or no penalty.</p>

<p>The Committee may on its own initiative or upon request by the Speaker conduct research and comment on matters relating to the powers, privileges and immunities of Parliament.</p>

<p>After receiving the request to have a response recorded referred to in Subrule (1), the Committee must without delay inform the Member or witness concerned that a request to have a response recorded has been received, and thereafter consider the request in accordance with criteria that the Committee has approved.</p>

<p>In considering the request, the Committee may invite verbal or written submissions by the Member, witness or any other person concerned.</p>

<p>After considering the request to have a response recorded, the Committee must publish the response in the ATC, refer it back to the person for amendments, or not publish the response.</p>

<p><strong>Decisions</strong>: A question before the Committee is decided when a quorum in terms of Rule 162(2) is present and there is agreement among the majority of the Members present.</p>","<p><strong>Secretary to Committee</strong></p>

<p>Mr. Mxolisi Toti</p>

<p>mtoti@parliament.gov.za</p>

<p>&nbsp;</p>",false,3,false,,"October 8, 2015, 1:27 PM","July 15, 2024, 1:35 PM",true,"2,021",true
111,Water and Sanitation,"<p><strong>Oversight responsibility of Water and Sanitation&nbsp;Portfolio Committee</strong></p>

<p>The Water and&nbsp;Sanitation&nbsp;Portfolio Committee is responsible for oversight of the Department of Water and Sanitation (<a href=""https://www.dws.gov.za/"">DWS</a>) as well as the following statutory entities:</p>

<p>Consolidated water boards</p>

<p><a href=""https://www.randwater.co.za/Pages/Home.aspx"">Rand Water</a></p>

<p><a href=""https://www.tcta.co.za/"">Trans‐Caledon Tunnel Authority</a></p>

<p><a href=""https://www.umgeni.co.za/"">Umgeni Water</a></p>

<p>Water Trading Entity</p>

<p><a href=""https://breedegouritzcma.co.za/"">Breede‐Gouritz Catchment&nbsp;Management Agency&nbsp;</a></p>

<p><a href=""https://www.iucma.co.za/"">Inkomati‐Usuthu Catchment Management Agency</a></p>

<p><a href=""http://www.wrc.org.za/"">Water&nbsp;Research&nbsp;Commission</a></p>

<p>The Committee is mandated to:&nbsp;</p>

<ul>
	<li>consider, amend and/or initiate legislation that is specific to, or impacts on Water and Sanitation<strong>.</strong></li>
	<li>consider and review the strategic plans and budgets of the Department and its entities.</li>
	<li>monitor and oversee the activities, financial and non-financial performance of the Ministry and its entities.</li>
	<li>monitor and oversee the implementation of the Department&rsquo;s policies and legislation</li>
	<li>consider sector-related international treaties and agreements; and</li>
	<li>provide a platform for the public to participate and present views on specific topics and/or legislation in relation to water and sanitation.&nbsp;</li>
</ul>

<p>Learn more about the work of this Committee:&nbsp;<a href=""https://pmg.org.za/page/LegacyReports"" target=""_blank"">Legacy Reports</a></p>

<p><strong>The role and functions of Committees in Parliament</strong><br />
In accordance with the powers given to it by the Constitution, the National Assembly establishes a range of committees with assigned powers and functions.&nbsp;</p>

<p>There is a portfolio committee for each corresponding government department. A committee deliberates on bills covering the department&rsquo;s area of jurisdiction and scrutinises and report on its annual budget and strategic plan. As the people&rsquo;s representatives, Members of the committees determine whether government departments are delivering on what they promised and whether they are spending the public money they receive in a responsible manner. As part of their oversight work, committees may also do site visits where they find out directly from the people at ground level whether the government is delivering on its promises.</p>

<p>If a committee reports on a matter and makes certain recommendations, that report will be debated in a full sitting or plenary to give other Members of the House an opportunity to engage with the content of the report. Once the report has been debated, the House decides whether to adopt the committee&rsquo;s recommendations. The House may also decide only to note the report, or it may refer the report back to the committee with an instruction to do further work.&nbsp;</p>

<p><strong>Committee Membership</strong></p>

<p>Committee membership is distributed among the parties roughly in proportion to the seats they get in Parliament, so if a party wins 20% of the seats, its MPs will occupy about 20% of committee positions</p>

<p>NA Committee are comprised of 11 Members. The composition is as follows: ANC (5); DA (3); MK (2); EFF (1) &amp; other parties (4). The four largest parties were given permanent positions, and the 14 other parties are grouped together to share the remaining slots.</p>

<p>Read more:&nbsp;&nbsp;<a href=""https://pmg.org.za/blog/Committees%20in%20the%20Seventh%20Parliament:%20Critical%20Forums%20for%20Oversight"">Committees in the Seventh Parliament: Critical Forums for Oversight</a></p>

<p><br />
<strong>Working in Committees allows Parliament to:</strong></p>

<ul>
	<li>Increase the amount of work that can be done</li>
	<li>Ensure that issues can be debated in more detail than in plenary sessions</li>
	<li>Increase the level of participation of Members of Parliament (MPs) in discussions</li>
	<li>Enable MPs to develop expertise and in-depth knowledge of the specific Committee&#39;s area of work</li>
	<li>Provide a platform for the public to present views directly to MPs, something which is not possible in a plenary sitting of Parliament</li>
	<li>Provide an environment for Parliament to hear evidence and collect information related to the work of a specific Committee</li>
</ul>

<p><strong>Powers</strong></p>

<p>Rule 167 of the&nbsp;<a href=""https://pmg.org.za/page/rules-parliament-guide-procedure"" target=""_blank"">National Assembly Rules (9th Edition)</a>&nbsp;say that for the purposes of performing its functions&nbsp; committee may, subject to the Constitution, legislation, the other provisions of these rules and resolutions of the Assembly:&nbsp;</p>

<ul>
	<li>Summon any person to appear before it to give evidence on oath or affirmation, or to produce documents</li>
	<li>Receive petitions, representations or submissions from interested persons or institutions</li>
	<li>Permit oral evidence on petitions, representations, submissions and any other matter before the committee</li>
	<li>Conduct public hearings</li>
	<li>Consult any Assembly or Council committee or subcommittee, or any joint committee or subcommittee</li>
	<li>Determine its own working arrangements</li>
	<li>Meet at a venue determined by it, which may be a venue beyond the seat of Parliament</li>
	<li>Meet on any and at any time, including on a day which is not a working day; on a day on which the Assembly is not sitting; at a time when the Assembly is not sitting, or during a recess.&nbsp;</li>
	<li>Exercise any other powers assigned to it by the Constitution, legislation, the other provisions of these rules or resolutions of the Assembly</li>
</ul>

<p><strong>Committees in Practice</strong></p>

<p>With the agreement of members, the Committee staff sets the dates and times of committee meetings. The frequency of committee meetings is determined by a committee&rsquo;s work programme but it is normal for a committee to meet weekly. From time to time, committees can meet more than once a week if they work programme so demands.</p>

<p>Section 59(1)(b) of the Constitution requires that the National Assembly and its committees conduct their business in an open manner and hold their sittings in public. Section 59(2) states that the National Assembly may not exclude the public or the media unless it is &lsquo;<em>reasonable and justifiable to do so in an open and democratic society&rsquo;.&nbsp;</em>Rule 184(2) of the Rules of the National Assembly further require that any decision to exclude the public from a committee meeting or part thereof must be taken &lsquo;after due consideration&rsquo; by that committee</p>

<p><strong>Who attends Committee Meetings:</strong></p>

<ul>
	<li>MPs (those assigned to the committee and if they so wish, any other MP)</li>
	<li>Committee Staff: Committee Secretary, Committee Assistant, Researcher, Content Advisor</li>
	<li>Departments, entities, organizations, individuals and experts who are invited by the Committee to speak and be questioned</li>
	<li>Parliamentary Legal Advisor (from time to time)</li>
	<li>Media</li>
	<li>General Public</li>
</ul>

<p><br />
&nbsp;</p>

<p><strong>THE DIFFERENT COMMITTEES OF PARLIAMENT</strong><br />
<br />
<strong>Portfolio Committees</strong><br />
The National Assembly (NA) appoints from among its members a number of Portfolio Committees to shadow the work of the various national government departments.</p>

<p><strong>Select Committees</strong><br />
The National Council of Provinces (NCOP) appoints from its permanent members a number of Select Committees to shadow the work of the various national government departments and to deal with Bills.<br />
<br />
Because only 54 of the 90 NCOP Members are permanent delegates compared to the 400 of the NA, the Select Committees oversee the work of more than one national government department.<br />
<br />
<strong>Public Accounts Committees</strong><br />
The National Assembly Standing Committee on Public Accounts acts as Parliament&#39;s watchdog over the way taxpayers&#39; money is spent by the Executive. Every year the Auditor-General tables reports on the accounts and financial management of the various government departments and State institutions.<br />
<br />
Heads of government departments and institutions are regularly called by this committee to report and account for expenditure. The Committee can recommend that the National Assembly takes corrective actions if necessary.<br />
<br />
<strong>Internal Committees</strong><br />
The National Assembly has a number of internal committees that deal with matters affecting the running of Parliament. The Committees normally consist of senior Members of Parliament. The Rules Committee and its sub-committees deal with House rules. There are structures to deal with support for Members, internal arrangements, disciplinary matters and powers and privileges of members. Other internal Committees are the Programme Committee that plans the work of the Assembly, the Disciplinary Committee, and the Committee of Chairpersons.<br />
<br />
The National Council of Provinces also has its own domestic Committees. The Rules Committee and its subcommittees deal with the NCOP rules. There are structures to deal with support for Members, internal arrangements, disciplinary matters and powers and privileges of members. The Programme Committee plans the work of the NCOP and the Committee of Chairpersons make recommendations about the functioning of Committees and other NCOP forums.<br />
<br />
<strong>Ad hoc Committees</strong><br />
Parliament or one of its Houses may appoint an ad hoc (temporary) Committee when a special task must be done. When the task is complete, the Committee is dissolved.<br />
<br />
<strong>Joint Committees</strong><br />
The National Assembly and the National Council of Provinces together appoint several joint committees. There are currently six Joint Committees:<br />
<br />
<strong>Committees play a very important role in the process of building democracy and involving the public in the processes and activities of Parliament.</strong></p>","<p><strong>Secretaries&nbsp;of Committee</strong>:<br />
Nosipho Bavuma</p>

<p>Cell:&nbsp;060&nbsp;550 9892</p>

<p>Email: nbavuma@parliament.gov.za</p>

<p><strong>Chairperson&rsquo;s Secretary</strong></p>

<p>Khayalethu Vellem</p>

<p>Cell:&nbsp;060 550 9758</p>

<p>Email:&nbsp;kvellem@parliament.gov.za</p>

<p>&nbsp;</p>",false,3,false,33,"October 8, 2015, 1:27 PM","September 13, 2024, 2:29 PM",true,,true
328,"Planning, Monitoring and Evaluation","<p><strong>Oversight responsibility of Planning, Monitoring and Evaluation Portfolio Committee</strong></p>

<p>The Planning, Monitoring and Evaluation&nbsp;Portfolio Committee oversees the Department of Planning, Monitoring and Evaluation, and its statutory entities.</p>

<p>The Committee is mandated to:&nbsp;</p>

<ul>
	<li>consider, amend and/or initiate legislation that is specific to, or impacts on Planning, Monitoring and Evaluation<strong>.</strong></li>
	<li>consider and review the strategic plans and budgets of the Department and its entities.</li>
	<li>monitor and oversee the activities, financial and non-financial performance of the Ministry and its entities.</li>
	<li>monitor and oversee the implementation of the Department&rsquo;s policies and legislation</li>
	<li>consider sector-related international treaties and agreements; and</li>
	<li>provide a platform for the public to participate and present views on specific topics and/or legislation in relation to planning, monitoring and evaluation.&nbsp;</li>
</ul>

<p>Learn more about the work of this Committee:&nbsp;<a href=""https://pmg.org.za/page/LegacyReports"" target=""_blank"">Legacy Reports</a></p>

<p><strong>The role and functions of Committees in Parliament</strong><br />
In accordance with the powers given to it by the Constitution, the National Assembly establishes a range of committees with assigned powers and functions.&nbsp;</p>

<p>There is a portfolio committee for each corresponding government department. A committee deliberates on bills covering the department&rsquo;s area of jurisdiction and scrutinises and report on its annual budget and strategic plan. As the people&rsquo;s representatives, Members of the committees determine whether government departments are delivering on what they promised and whether they are spending the public money they receive in a responsible manner. As part of their oversight work, committees may also do site visits where they find out directly from the people at ground level whether the government is delivering on its promises.</p>

<p>If a committee reports on a matter and makes certain recommendations, that report will be debated in a full sitting or plenary to give other Members of the House an opportunity to engage with the content of the report. Once the report has been debated, the House decides whether to adopt the committee&rsquo;s recommendations. The House may also decide only to note the report, or it may refer the report back to the committee with an instruction to do further work.&nbsp;</p>

<p><strong>Committee Membership</strong></p>

<p>Committee membership is distributed among the parties roughly in proportion to the seats they get in Parliament, so if a party wins 20% of the seats, its MPs will occupy about 20% of committee positions</p>

<p>NA Committee are comprised of 11 Members. The composition is as follows: ANC (5); DA (3); MK (2); EFF (1) &amp; other parties (4). The four largest parties were given permanent positions, and the 14 other parties are grouped together to share the remaining slots.</p>

<p>Read more:&nbsp;&nbsp;<a href=""https://pmg.org.za/blog/Committees%20in%20the%20Seventh%20Parliament:%20Critical%20Forums%20for%20Oversight"">Committees in the Seventh Parliament: Critical Forums for Oversight</a></p>

<p><br />
<strong>Working in Committees allows Parliament to:</strong></p>

<ul>
	<li>Increase the amount of work that can be done</li>
	<li>Ensure that issues can be debated in more detail than in plenary sessions</li>
	<li>Increase the level of participation of Members of Parliament (MPs) in discussions</li>
	<li>Enable MPs to develop expertise and in-depth knowledge of the specific Committee&#39;s area of work</li>
	<li>Provide a platform for the public to present views directly to MPs, something which is not possible in a plenary sitting of Parliament</li>
	<li>Provide an environment for Parliament to hear evidence and collect information related to the work of a specific Committee</li>
</ul>

<p><strong>Powers</strong></p>

<p>Rule 167 of the&nbsp;<a href=""https://pmg.org.za/page/rules-parliament-guide-procedure"" target=""_blank"">National Assembly Rules (9th Edition)</a>&nbsp;say that for the purposes of performing its functions&nbsp; committee may, subject to the Constitution, legislation, the other provisions of these rules and resolutions of the Assembly:&nbsp;</p>

<ul>
	<li>Summon any person to appear before it to give evidence on oath or affirmation, or to produce documents</li>
	<li>Receive petitions, representations or submissions from interested persons or institutions</li>
	<li>Permit oral evidence on petitions, representations, submissions and any other matter before the committee</li>
	<li>Conduct public hearings</li>
	<li>Consult any Assembly or Council committee or subcommittee, or any joint committee or subcommittee</li>
	<li>Determine its own working arrangements</li>
	<li>Meet at a venue determined by it, which may be a venue beyond the seat of Parliament</li>
	<li>Meet on any and at any time, including on a day which is not a working day; on a day on which the Assembly is not sitting; at a time when the Assembly is not sitting, or during a recess.&nbsp;</li>
	<li>Exercise any other powers assigned to it by the Constitution, legislation, the other provisions of these rules or resolutions of the Assembly</li>
</ul>

<p><strong>Committees in Practice</strong></p>

<p>With the agreement of members, the Committee staff sets the dates and times of committee meetings. The frequency of committee meetings is determined by a committee&rsquo;s work programme but it is normal for a committee to meet weekly. From time to time, committees can meet more than once a week if they work programme so demands.</p>

<p>Section 59(1)(b) of the Constitution requires that the National Assembly and its committees conduct their business in an open manner and hold their sittings in public. Section 59(2) states that the National Assembly may not exclude the public or the media unless it is &lsquo;<em>reasonable and justifiable to do so in an open and democratic society&rsquo;.&nbsp;</em>Rule 184(2) of the Rules of the National Assembly further require that any decision to exclude the public from a committee meeting or part thereof must be taken &lsquo;after due consideration&rsquo; by that committee</p>

<p><strong>Who attends Committee Meetings:</strong></p>

<ul>
	<li>MPs (those assigned to the committee and if they so wish, any other MP)</li>
	<li>Committee Staff: Committee Secretary, Committee Assistant, Researcher, Content Advisor</li>
	<li>Departments, entities, organizations, individuals and experts who are invited by the Committee to speak and be questioned</li>
	<li>Parliamentary Legal Advisor (from time to time)</li>
	<li>Media</li>
	<li>General Public</li>
</ul>

<p><br />
&nbsp;</p>

<p><strong>THE DIFFERENT COMMITTEES OF PARLIAMENT</strong><br />
<br />
<strong>Portfolio Committees</strong><br />
The National Assembly (NA) appoints from among its members a number of Portfolio Committees to shadow the work of the various national government departments.</p>

<p><strong>Select Committees</strong><br />
The National Council of Provinces (NCOP) appoints from its permanent members a number of Select Committees to shadow the work of the various national government departments and to deal with Bills.<br />
<br />
Because only 54 of the 90 NCOP Members are permanent delegates compared to the 400 of the NA, the Select Committees oversee the work of more than one national government department.<br />
<br />
<strong>Public Accounts Committees</strong><br />
The National Assembly Standing Committee on Public Accounts acts as Parliament&#39;s watchdog over the way taxpayers&#39; money is spent by the Executive. Every year the Auditor-General tables reports on the accounts and financial management of the various government departments and State institutions.<br />
<br />
Heads of government departments and institutions are regularly called by this committee to report and account for expenditure. The Committee can recommend that the National Assembly takes corrective actions if necessary.<br />
<br />
<strong>Internal Committees</strong><br />
The National Assembly has a number of internal committees that deal with matters affecting the running of Parliament. The Committees normally consist of senior Members of Parliament. The Rules Committee and its sub-committees deal with House rules. There are structures to deal with support for Members, internal arrangements, disciplinary matters and powers and privileges of members. Other internal Committees are the Programme Committee that plans the work of the Assembly, the Disciplinary Committee, and the Committee of Chairpersons.<br />
<br />
The National Council of Provinces also has its own domestic Committees. The Rules Committee and its subcommittees deal with the NCOP rules. There are structures to deal with support for Members, internal arrangements, disciplinary matters and powers and privileges of members. The Programme Committee plans the work of the NCOP and the Committee of Chairpersons make recommendations about the functioning of Committees and other NCOP forums.<br />
<br />
<strong>Ad hoc Committees</strong><br />
Parliament or one of its Houses may appoint an ad hoc (temporary) Committee when a special task must be done. When the task is complete, the Committee is dissolved.<br />
<br />
<strong>Joint Committees</strong><br />
The National Assembly and the National Council of Provinces together appoint several joint committees. There are currently six Joint Committees:<br />
<br />
<strong>Committees play a very important role in the process of building democracy and involving the public in the processes and activities of Parliament.</strong></p>","<p><strong>Secretary of Committee</strong></p>

<p>Mandy Balie</p>

<p>Cell: 083 709 8431</p>

<p>Email:&nbsp;mbalie@parliament.gov.za</p>

<p><strong>Chairperson&rsquo;s Secretary</strong></p>

<p>Mimi Kasi (Acting)</p>

<p>Cell:&nbsp;083 709 8388</p>

<p>Email:&nbsp;mkasi@parliament.gov.za</p>",false,3,false,,"May 25, 2023, 4:43 PM","August 26, 2025, 1:10 PM",true,,true
62,Employment and Labour,"<p><strong>Oversight responsibility of Employment and Labour Portfolio Committee</strong></p>

<p>The Employment and Labour Portfolio Committee is responsible for oversight of the <a href=""http://www.labour.gov.za/"">Department of Employment and Labour </a>(DEL) as well as the following statutory entities:</p>

<p>Advisory Council for Occupational Health and Safety</p>

<p><a href=""https://www.cf-filing.co.za/"">Compensation Fund</a></p>

<p><a href=""http://www.ccma.org.za/"">Commission for Conciliation, Meditation and Arbitration (CCMA)</a></p>

<p><a href=""file:///C:/Users/User/Desktop/about/nedlac.org.za/"">National Economic Development and Labour Council (NEDLAC)</a></p>

<p><a href=""https://productivitysa.co.za/"">Productivity SA</a></p>

<p><a href=""https://www.ufiling.co.za/"">Unemployment Insurance Fund</a>&nbsp;(UIF)</p>

<p>Supported Employment Enterprises&nbsp;</p>

<p>The Committee is mandated to:&nbsp;</p>

<ul>
	<li>consider, amend and/or initiate legislation that is specific to, or impacts on Employment and Labour.</li>
	<li>consider and review the strategic plans and budgets of the Department and its entities.</li>
	<li>monitor and oversee the activities, financial and non-financial performance of the Ministry and its entities.</li>
	<li>monitor and oversee the implementation of the Department&rsquo;s policies and legislation</li>
	<li>consider sector-related international treaties and agreements; and</li>
	<li>provide a platform for the public to participate and present views on specific topics and/or legislation in relation to employment and labour.</li>
</ul>

<p><strong>The role and functions of Committees in Parliament</strong><br />
In accordance with the powers given to it by the Constitution, the National Assembly establishes a range of committees with assigned powers and functions.&nbsp;</p>

<p>There is a portfolio committee for each corresponding government department. A committee deliberates on bills covering the department&rsquo;s area of jurisdiction and scrutinises and report on its annual budget and strategic plan. As the people&rsquo;s representatives, Members of the committees determine whether government departments are delivering on what they promised and whether they are spending the public money they receive in a responsible manner. As part of their oversight work, committees may also do site visits where they find out directly from the people at ground level whether the government is delivering on its promises.</p>

<p>If a committee reports on a matter and makes certain recommendations, that report will be debated in a full sitting or plenary to give other Members of the House an opportunity to engage with the content of the report. Once the report has been debated, the House decides whether to adopt the committee&rsquo;s recommendations. The House may also decide only to note the report, or it may refer the report back to the committee with an instruction to do further work.&nbsp;</p>

<p><strong>Committee Membership</strong></p>

<p>Committee membership is distributed among the parties roughly in proportion to the seats they get in Parliament, so if a party wins 20% of the seats, its MPs will occupy about 20% of committee positions</p>

<p>NA Committee are comprised of 11 Members. The composition is as follows: ANC (5); DA (3); MK (2); EFF (1) &amp; other parties (4). The four largest parties were given permanent positions, and the 14 other parties are grouped together to share the remaining slots.</p>

<p>Read more:&nbsp;&nbsp;<a href=""https://pmg.org.za/blog/Committees%20in%20the%20Seventh%20Parliament:%20Critical%20Forums%20for%20Oversight"">Committees in the Seventh Parliament: Critical Forums for Oversight</a></p>

<p><br />
<strong>Working in Committees allows Parliament to:</strong></p>

<ul>
	<li>Increase the amount of work that can be done</li>
	<li>Ensure that issues can be debated in more detail than in plenary sessions</li>
	<li>Increase the level of participation of Members of Parliament (MPs) in discussions</li>
	<li>Enable MPs to develop expertise and in-depth knowledge of the specific Committee&#39;s area of work</li>
	<li>Provide a platform for the public to present views directly to MPs, something which is not possible in a plenary sitting of Parliament</li>
	<li>Provide an environment for Parliament to hear evidence and collect information related to the work of a specific Committee</li>
</ul>

<p><strong>Powers</strong></p>

<p>Rule 167 of the&nbsp;<a href=""https://pmg.org.za/page/rules-parliament-guide-procedure"" target=""_blank"">National Assembly Rules (9th Edition)</a>&nbsp;say that for the purposes of performing its functions&nbsp; committee may, subject to the Constitution, legislation, the other provisions of these rules and resolutions of the Assembly:&nbsp;</p>

<ul>
	<li>Summon any person to appear before it to give evidence on oath or affirmation, or to produce documents</li>
	<li>Receive petitions, representations or submissions from interested persons or institutions</li>
	<li>Permit oral evidence on petitions, representations, submissions and any other matter before the committee</li>
	<li>Conduct public hearings</li>
	<li>Consult any Assembly or Council committee or subcommittee, or any joint committee or subcommittee</li>
	<li>Determine its own working arrangements</li>
	<li>Meet at a venue determined by it, which may be a venue beyond the seat of Parliament</li>
	<li>Meet on any and at any time, including on a day which is not a working day; on a day on which the Assembly is not sitting; at a time when the Assembly is not sitting, or during a recess.&nbsp;</li>
	<li>Exercise any other powers assigned to it by the Constitution, legislation, the other provisions of these rules or resolutions of the Assembly</li>
</ul>

<p><strong>Committees in Practice</strong></p>

<p>With the agreement of members, the Committee staff sets the dates and times of committee meetings. The frequency of committee meetings is determined by a committee&rsquo;s work programme but it is normal for a committee to meet weekly. From time to time, committees can meet more than once a week if they work programme so demands.</p>

<p>Section 59(1)(b) of the Constitution requires that the National Assembly and its committees conduct their business in an open manner and hold their sittings in public. Section 59(2) states that the National Assembly may not exclude the public or the media unless it is &lsquo;<em>reasonable and justifiable to do so in an open and democratic society&rsquo;.&nbsp;</em>Rule 184(2) of the Rules of the National Assembly further require that any decision to exclude the public from a committee meeting or part thereof must be taken &lsquo;after due consideration&rsquo; by that committee</p>

<p><strong>Who attends Committee Meetings:</strong></p>

<ul>
	<li>MPs (those assigned to the committee and if they so wish, any other MP)</li>
	<li>Committee Staff: Committee Secretary, Committee Assistant, Researcher, Content Advisor</li>
	<li>Departments, entities, organizations, individuals and experts who are invited by the Committee to speak and be questioned</li>
	<li>Parliamentary Legal Advisor (from time to time)</li>
	<li>Media</li>
	<li>General Public</li>
</ul>

<p><br />
&nbsp;</p>

<p><strong>THE DIFFERENT COMMITTEES OF PARLIAMENT</strong><br />
<br />
<strong>Portfolio Committees</strong><br />
The National Assembly (NA) appoints from among its members a number of Portfolio Committees to shadow the work of the various national government departments.</p>

<p><strong>Select Committees</strong><br />
The National Council of Provinces (NCOP) appoints from its permanent members a number of Select Committees to shadow the work of the various national government departments and to deal with Bills.<br />
<br />
Because only 54 of the 90 NCOP Members are permanent delegates compared to the 400 of the NA, the Select Committees oversee the work of more than one national government department.<br />
<br />
<strong>Public Accounts Committees</strong><br />
The National Assembly Standing Committee on Public Accounts acts as Parliament&#39;s watchdog over the way taxpayers&#39; money is spent by the Executive. Every year the Auditor-General tables reports on the accounts and financial management of the various government departments and State institutions.<br />
<br />
Heads of government departments and institutions are regularly called by this committee to report and account for expenditure. The Committee can recommend that the National Assembly takes corrective actions if necessary.<br />
<br />
<strong>Internal Committees</strong><br />
The National Assembly has a number of internal committees that deal with matters affecting the running of Parliament. The Committees normally consist of senior Members of Parliament. The Rules Committee and its sub-committees deal with House rules. There are structures to deal with support for Members, internal arrangements, disciplinary matters and powers and privileges of members. Other internal Committees are the Programme Committee that plans the work of the Assembly, the Disciplinary Committee, and the Committee of Chairpersons.<br />
<br />
The National Council of Provinces also has its own domestic Committees. The Rules Committee and its subcommittees deal with the NCOP rules. There are structures to deal with support for Members, internal arrangements, disciplinary matters and powers and privileges of members. The Programme Committee plans the work of the NCOP and the Committee of Chairpersons make recommendations about the functioning of Committees and other NCOP forums.<br />
<br />
<strong>Ad hoc Committees</strong><br />
Parliament or one of its Houses may appoint an ad hoc (temporary) Committee when a special task must be done. When the task is complete, the Committee is dissolved.<br />
<br />
<strong>Joint Committees</strong><br />
The National Assembly and the National Council of Provinces together appoint several joint committees. There are currently six Joint Committees:<br />
<br />
<strong>Committees play a very important role in the process of building democracy and involving the public in the processes and activities of Parliament.</strong></p>","<p><strong>Secretary of Committee</strong>:</p>

<p>Zolani Sakasa</p>

<p>Tel: 021 403 3735</p>

<p>Cell: 083 709 8488</p>

<p>Email: zsakasa@parliament.gov.za</p>

<p><strong>Chairperson&rsquo;s Secretary</strong></p>

<p>Xolelwa Mabindisa</p>

<p>Tel: 021403 2423</p>

<p>Cell:&nbsp;083 709 8475</p>

<p>Email:xmabindisa@parliament.gov.za</p>

<p>&nbsp;</p>",false,3,true,18,"October 8, 2015, 1:27 PM","September 13, 2024, 12:13 PM",true,,true
291,Human Settlements,"<p><strong>Oversight responsibility of Human Settlements&nbsp;Portfolio Committee</strong></p>

<p>The Human Settlements&nbsp;Portfolio Committee is responsible for oversight of the Department of Human Settlements (<a href=""http://www.dhs.gov.za/"">DHS</a>) as well as the following statutory entities:</p>

<p><a href=""http://www.csos.org.za/"">Community Schemes Ombud Service</a>&nbsp;</p>

<p><a href=""http://www.thehda.co.za/"">Housing Development Agency&nbsp;</a></p>

<p><a href=""http://www.nhfc.co.za/"">National Housing Finance Corporation</a></p>

<p><a href=""http://www.eaab.org.za/"">Estate Agency Affairs Board</a></p>

<p><a href=""http://www.nurcha.co.za/"">Construction Finance and Programme Management&nbsp;</a></p>

<p><a href=""http://www.nhbrc.org.za/"">National Home Builders Registration Council</a></p>

<p><a href=""http://www.rhlf.co.za/"">Rural Housing Loan Fund</a></p>

<p><a href=""http://www.shra.org.za/"">Social Housing Regulatory Authority</a></p>

<p>The Committee is mandated to:&nbsp;</p>

<ul>
	<li>consider, amend and/or initiate legislation that is specific to, or impacts on Human Settlements<strong>.</strong></li>
	<li>consider and review the strategic plans and budgets of the Department and its entities.</li>
	<li>monitor and oversee the activities, financial and non-financial performance of the Ministry and its entities.</li>
	<li>monitor and oversee the implementation of the Department&rsquo;s policies and legislation</li>
	<li>consider sector-related international treaties and agreements; and</li>
	<li>provide a platform for the public to participate and present views on specific topics and/or legislation in relation to human settlements.&nbsp;</li>
</ul>

<p>Learn more about the work of this Committee:&nbsp;<a href=""https://pmg.org.za/page/LegacyReports"" target=""_blank"">Legacy Reports</a></p>

<p><strong>The role and functions of Committees in Parliament</strong><br />
In accordance with the powers given to it by the Constitution, the National Assembly establishes a range of committees with assigned powers and functions.&nbsp;</p>

<p>There is a portfolio committee for each corresponding government department. A committee deliberates on bills covering the department&rsquo;s area of jurisdiction and scrutinises and report on its annual budget and strategic plan. As the people&rsquo;s representatives, Members of the committees determine whether government departments are delivering on what they promised and whether they are spending the public money they receive in a responsible manner. As part of their oversight work, committees may also do site visits where they find out directly from the people at ground level whether the government is delivering on its promises.</p>

<p>If a committee reports on a matter and makes certain recommendations, that report will be debated in a full sitting or plenary to give other Members of the House an opportunity to engage with the content of the report. Once the report has been debated, the House decides whether to adopt the committee&rsquo;s recommendations. The House may also decide only to note the report, or it may refer the report back to the committee with an instruction to do further work.&nbsp;</p>

<p><strong>Committee Membership</strong></p>

<p>Committee membership is distributed among the parties roughly in proportion to the seats they get in Parliament, so if a party wins 20% of the seats, its MPs will occupy about 20% of committee positions</p>

<p>NA Committee are comprised of 11 Members. The composition is as follows: ANC (5); DA (3); MK (2); EFF (1) &amp; other parties (4). The four largest parties were given permanent positions, and the 14 other parties are grouped together to share the remaining slots.</p>

<p>Read more:&nbsp;&nbsp;<a href=""https://pmg.org.za/blog/Committees%20in%20the%20Seventh%20Parliament:%20Critical%20Forums%20for%20Oversight"">Committees in the Seventh Parliament: Critical Forums for Oversight</a></p>

<p><br />
<strong>Working in Committees allows Parliament to:</strong></p>

<ul>
	<li>Increase the amount of work that can be done</li>
	<li>Ensure that issues can be debated in more detail than in plenary sessions</li>
	<li>Increase the level of participation of Members of Parliament (MPs) in discussions</li>
	<li>Enable MPs to develop expertise and in-depth knowledge of the specific Committee&#39;s area of work</li>
	<li>Provide a platform for the public to present views directly to MPs, something which is not possible in a plenary sitting of Parliament</li>
	<li>Provide an environment for Parliament to hear evidence and collect information related to the work of a specific Committee</li>
</ul>

<p><strong>Powers</strong></p>

<p>Rule 167 of the&nbsp;<a href=""https://pmg.org.za/page/rules-parliament-guide-procedure"" target=""_blank"">National Assembly Rules (9th Edition)</a>&nbsp;say that for the purposes of performing its functions&nbsp; committee may, subject to the Constitution, legislation, the other provisions of these rules and resolutions of the Assembly:&nbsp;</p>

<ul>
	<li>Summon any person to appear before it to give evidence on oath or affirmation, or to produce documents</li>
	<li>Receive petitions, representations or submissions from interested persons or institutions</li>
	<li>Permit oral evidence on petitions, representations, submissions and any other matter before the committee</li>
	<li>Conduct public hearings</li>
	<li>Consult any Assembly or Council committee or subcommittee, or any joint committee or subcommittee</li>
	<li>Determine its own working arrangements</li>
	<li>Meet at a venue determined by it, which may be a venue beyond the seat of Parliament</li>
	<li>Meet on any and at any time, including on a day which is not a working day; on a day on which the Assembly is not sitting; at a time when the Assembly is not sitting, or during a recess.&nbsp;</li>
	<li>Exercise any other powers assigned to it by the Constitution, legislation, the other provisions of these rules or resolutions of the Assembly</li>
</ul>

<p><strong>Committees in Practice</strong></p>

<p>With the agreement of members, the Committee staff sets the dates and times of committee meetings. The frequency of committee meetings is determined by a committee&rsquo;s work programme but it is normal for a committee to meet weekly. From time to time, committees can meet more than once a week if they work programme so demands.</p>

<p>Section 59(1)(b) of the Constitution requires that the National Assembly and its committees conduct their business in an open manner and hold their sittings in public. Section 59(2) states that the National Assembly may not exclude the public or the media unless it is &lsquo;<em>reasonable and justifiable to do so in an open and democratic society&rsquo;.&nbsp;</em>Rule 184(2) of the Rules of the National Assembly further require that any decision to exclude the public from a committee meeting or part thereof must be taken &lsquo;after due consideration&rsquo; by that committee</p>

<p><strong>Who attends Committee Meetings:</strong></p>

<ul>
	<li>MPs (those assigned to the committee and if they so wish, any other MP)</li>
	<li>Committee Staff: Committee Secretary, Committee Assistant, Researcher, Content Advisor</li>
	<li>Departments, entities, organizations, individuals and experts who are invited by the Committee to speak and be questioned</li>
	<li>Parliamentary Legal Advisor (from time to time)</li>
	<li>Media</li>
	<li>General Public</li>
</ul>

<p><br />
&nbsp;</p>

<p><strong>THE DIFFERENT COMMITTEES OF PARLIAMENT</strong><br />
<br />
<strong>Portfolio Committees</strong><br />
The National Assembly (NA) appoints from among its members a number of Portfolio Committees to shadow the work of the various national government departments.</p>

<p><strong>Select Committees</strong><br />
The National Council of Provinces (NCOP) appoints from its permanent members a number of Select Committees to shadow the work of the various national government departments and to deal with Bills.<br />
<br />
Because only 54 of the 90 NCOP Members are permanent delegates compared to the 400 of the NA, the Select Committees oversee the work of more than one national government department.<br />
<br />
<strong>Public Accounts Committees</strong><br />
The National Assembly Standing Committee on Public Accounts acts as Parliament&#39;s watchdog over the way taxpayers&#39; money is spent by the Executive. Every year the Auditor-General tables reports on the accounts and financial management of the various government departments and State institutions.<br />
<br />
Heads of government departments and institutions are regularly called by this committee to report and account for expenditure. The Committee can recommend that the National Assembly takes corrective actions if necessary.<br />
<br />
<strong>Internal Committees</strong><br />
The National Assembly has a number of internal committees that deal with matters affecting the running of Parliament. The Committees normally consist of senior Members of Parliament. The Rules Committee and its sub-committees deal with House rules. There are structures to deal with support for Members, internal arrangements, disciplinary matters and powers and privileges of members. Other internal Committees are the Programme Committee that plans the work of the Assembly, the Disciplinary Committee, and the Committee of Chairpersons.<br />
<br />
The National Council of Provinces also has its own domestic Committees. The Rules Committee and its subcommittees deal with the NCOP rules. There are structures to deal with support for Members, internal arrangements, disciplinary matters and powers and privileges of members. The Programme Committee plans the work of the NCOP and the Committee of Chairpersons make recommendations about the functioning of Committees and other NCOP forums.<br />
<br />
<strong>Ad hoc Committees</strong><br />
Parliament or one of its Houses may appoint an ad hoc (temporary) Committee when a special task must be done. When the task is complete, the Committee is dissolved.<br />
<br />
<strong>Joint Committees</strong><br />
The National Assembly and the National Council of Provinces together appoint several joint committees. There are currently six Joint Committees:<br />
<br />
<strong>Committees play a very important role in the process of building democracy and involving the public in the processes and activities of Parliament.</strong></p>","<p><strong>Secretary of Committee</strong>:</p>

<p>Kholiswa Pasiya-Mndende</p>

<p>Tel: 021 403 3725</p>

<p>Cell: 083 709 8495</p>

<p>Email:&nbsp;<a href=""mailto:kpasiya-mndende@parliament.gov.za"">kpasiya-mndende@parliament.gov.za</a></p>

<p><strong>Chairperson&rsquo;s Secretary</strong></p>

<p>Selina Mkaliphi</p>

<p>Cell:&nbsp;061 438 4413</p>

<p>Email:&nbsp;smkaliphi@parliament.gov.za</p>

<p>&nbsp;</p>",false,3,false,,"September 1, 2021, 10:30 AM","September 13, 2024, 12:33 PM",true,,true
68,Rules of the National Assembly,"<p>The Rules Committee consists of the Speaker, Deputy Speaker, Chief Whip, nine members of the majority party, Chief Whip of the largest opposition party and two other members of that party, two members of the second largest opposition party and two member representatives of other parties.&nbsp;</p>

<p>The Speaker is the chairperson of the Rules Committee&nbsp;</p>

<p>The Rules Committee may-</p>

<ul>
	<li>develop and formulate policy proposals concerning the exclusive business of the Assembly in respect of the proceedings, procedures, rules, orders and practices concerning the business of the Assembly</li>
	<li>monitor and oversee the implementation of a policy on all matters referred to above</li>
	<li>make recommendations to the Joint Rules Committee on any matter falling within the functions and powers of the Rules Committee</li>
	<li>lay down guidelines and issue directives regarding any aspect of policy referred to in this rule</li>
	<li>appoint committees or subcommittees or assist with the performance of any of its functions or the exercise of any of its powers</li>
	<li>recommend to the Assembly for adoption of rules and orders and other policy proposals concerning the business of the Assembly</li>
	<li>perform any other functions assigned to it by the legislation, other provisions of the rules or resolutions of the Assembly&nbsp;</li>
</ul>

<p>The Rules Committee may deal with a matter falling within its functions ans powers on its own initiative or when referred to it for consideration and report by the Assembly or the Speaker.</p>

<p>The Rules Committee has the Subcommittee on the Review of Assembly Rules, Subcommittee on Physical Removal of Member from Chamber and any other subcommittee appointed.&nbsp;</p>

<p><strong>The role and functions of Committees in Parliament</strong><br />
In accordance with the powers given to it by the Constitution, the National Assembly establishes a range of committees with assigned powers and functions.&nbsp;</p>

<p>There is a portfolio committee for each corresponding government department. A committee deliberates on bills covering the department&rsquo;s area of jurisdiction and scrutinises and report on its annual budget and strategic plan. As the people&rsquo;s representatives, Members of the committees determine whether government departments are delivering on what they promised and whether they are spending the public money they receive in a responsible manner. As part of their oversight work, committees may also do site visits where they find out directly from the people at ground level whether the government is delivering on its promises.</p>

<p>If a committee reports on a matter and makes certain recommendations, that report will be debated in a full sitting or plenary to give other Members of the House an opportunity to engage with the content of the report. Once the report has been debated, the House decides whether to adopt the committee&rsquo;s recommendations. The House may also decide only to note the report, or it may refer the report back to the committee with an instruction to do further work.&nbsp;</p>

<p><strong>Committee Membership</strong></p>

<p>Committee membership is distributed among the parties roughly in proportion to the seats they get in Parliament, so if a party wins 20% of the seats, its MPs will occupy about 20% of committee positions</p>

<p>NA Committee are comprised of 11 Members. The composition is as follows: ANC (5); DA (3); MK (2); EFF (1) &amp; other parties (4). The four largest parties were given permanent positions, and the 14 other parties are grouped together to share the remaining slots.</p>

<p>Read more:&nbsp;&nbsp;<a href=""https://pmg.org.za/blog/Committees%20in%20the%20Seventh%20Parliament:%20Critical%20Forums%20for%20Oversight"">Committees in the Seventh Parliament: Critical Forums for Oversight</a></p>

<p><br />
<strong>Working in Committees allows Parliament to:</strong></p>

<ul>
	<li>Increase the amount of work that can be done</li>
	<li>Ensure that issues can be debated in more detail than in plenary sessions</li>
	<li>Increase the level of participation of Members of Parliament (MPs) in discussions</li>
	<li>Enable MPs to develop expertise and in-depth knowledge of the specific Committee&#39;s area of work</li>
	<li>Provide a platform for the public to present views directly to MPs, something which is not possible in a plenary sitting of Parliament</li>
	<li>Provide an environment for Parliament to hear evidence and collect information related to the work of a specific Committee</li>
</ul>

<p><strong>Powers</strong></p>

<p>Rule 167 of the&nbsp;<a href=""https://pmg.org.za/page/rules-parliament-guide-procedure"" target=""_blank"">National Assembly Rules (9th Edition)</a>&nbsp;say that for the purposes of performing its functions&nbsp; committee may, subject to the Constitution, legislation, the other provisions of these rules and resolutions of the Assembly:&nbsp;</p>

<ul>
	<li>Summon any person to appear before it to give evidence on oath or affirmation, or to produce documents</li>
	<li>Receive petitions, representations or submissions from interested persons or institutions</li>
	<li>Permit oral evidence on petitions, representations, submissions and any other matter before the committee</li>
	<li>Conduct public hearings</li>
	<li>Consult any Assembly or Council committee or subcommittee, or any joint committee or subcommittee</li>
	<li>Determine its own working arrangements</li>
	<li>Meet at a venue determined by it, which may be a venue beyond the seat of Parliament</li>
	<li>Meet on any and at any time, including on a day which is not a working day; on a day on which the Assembly is not sitting; at a time when the Assembly is not sitting, or during a recess.&nbsp;</li>
	<li>Exercise any other powers assigned to it by the Constitution, legislation, the other provisions of these rules or resolutions of the Assembly</li>
</ul>

<p><strong>Committees in Practice</strong></p>

<p>With the agreement of members, the Committee staff sets the dates and times of committee meetings. The frequency of committee meetings is determined by a committee&rsquo;s work programme but it is normal for a committee to meet weekly. From time to time, committees can meet more than once a week if they work programme so demands.</p>

<p>Section 59(1)(b) of the Constitution requires that the National Assembly and its committees conduct their business in an open manner and hold their sittings in public. Section 59(2) states that the National Assembly may not exclude the public or the media unless it is &lsquo;<em>reasonable and justifiable to do so in an open and democratic society&rsquo;.&nbsp;</em>Rule 184(2) of the Rules of the National Assembly further require that any decision to exclude the public from a committee meeting or part thereof must be taken &lsquo;after due consideration&rsquo; by that committee</p>

<p><strong>Who attends Committee Meetings:</strong></p>

<ul>
	<li>MPs (those assigned to the committee and if they so wish, any other MP)</li>
	<li>Committee Staff: Committee Secretary, Committee Assistant, Researcher, Content Advisor</li>
	<li>Departments, entities, organizations, individuals and experts who are invited by the Committee to speak and be questioned</li>
	<li>Parliamentary Legal Advisor (from time to time)</li>
	<li>Media</li>
	<li>General Public</li>
</ul>

<p><br />
&nbsp;</p>

<p><strong>THE DIFFERENT COMMITTEES OF PARLIAMENT</strong><br />
<br />
<strong>Portfolio Committees</strong><br />
The National Assembly (NA) appoints from among its members a number of Portfolio Committees to shadow the work of the various national government departments.</p>

<p><strong>Select Committees</strong><br />
The National Council of Provinces (NCOP) appoints from its permanent members a number of Select Committees to shadow the work of the various national government departments and to deal with Bills.<br />
<br />
Because only 54 of the 90 NCOP Members are permanent delegates compared to the 400 of the NA, the Select Committees oversee the work of more than one national government department.<br />
<br />
<strong>Public Accounts Committees</strong><br />
The National Assembly Standing Committee on Public Accounts acts as Parliament&#39;s watchdog over the way taxpayers&#39; money is spent by the Executive. Every year the Auditor-General tables reports on the accounts and financial management of the various government departments and State institutions.<br />
<br />
Heads of government departments and institutions are regularly called by this committee to report and account for expenditure. The Committee can recommend that the National Assembly takes corrective actions if necessary.<br />
<br />
<strong>Internal Committees</strong><br />
The National Assembly has a number of internal committees that deal with matters affecting the running of Parliament. The Committees normally consist of senior Members of Parliament. The Rules Committee and its sub-committees deal with House rules. There are structures to deal with support for Members, internal arrangements, disciplinary matters and powers and privileges of members. Other internal Committees are the Programme Committee that plans the work of the Assembly, the Disciplinary Committee, and the Committee of Chairpersons.<br />
<br />
The National Council of Provinces also has its own domestic Committees. The Rules Committee and its subcommittees deal with the NCOP rules. There are structures to deal with support for Members, internal arrangements, disciplinary matters and powers and privileges of members. The Programme Committee plans the work of the NCOP and the Committee of Chairpersons make recommendations about the functioning of Committees and other NCOP forums.<br />
<br />
<strong>Ad hoc Committees</strong><br />
Parliament or one of its Houses may appoint an ad hoc (temporary) Committee when a special task must be done. When the task is complete, the Committee is dissolved.<br />
<br />
<strong>Joint Committees</strong><br />
The National Assembly and the National Council of Provinces together appoint several joint committees. There are currently six Joint Committees:<br />
<br />
<strong>Committees play a very important role in the process of building democracy and involving the public in the processes and activities of Parliament.</strong></p>","<p>National Assembly Secretariat</p>

<p>Perran Hahndiek</p>

<p>Tel: 021 403 2499</p>

<p>Cell: 072 3266 892</p>

<p>Email: phahndiek@parliament.gov.za</p>

<p><br />
&nbsp;</p>",false,3,false,,"October 8, 2015, 1:27 PM","July 15, 2024, 2:29 PM",true,,true
388,Programming Committee (NAPC),,,false,3,false,,"April 15, 2025, 7:13 AM","April 15, 2025, 9:07 AM",true,,true
95,Land Reform and Rural Development,"<p><strong>Oversight responsibility of Land Reform and Rural Development Portfolio Committee</strong></p>

<p>The Land Reform and Rural Development&nbsp;Portfolio Committee oversees the Department of Land Reform and Rural Development, and its statutory entities.</p>

<p>The Committee is mandated to:&nbsp;</p>

<ul>
	<li>consider, amend and/or initiate legislation that is specific to, or impacts on Rural Development and Land Reform<strong>.</strong></li>
	<li>consider and review the strategic plans and budgets of the Department and its entities.</li>
	<li>monitor and oversee the activities, financial and non-financial performance of the Ministry and its entities.</li>
	<li>monitor and oversee the implementation of the Department&rsquo;s policies and legislation</li>
	<li>consider sector-related international treaties and agreements; and</li>
	<li>provide a platform for the public to participate and present views on specific topics and/or legislation in relation to rural development and land reform.&nbsp;</li>
</ul>

<p><strong>The role and functions of Committees in Parliament</strong><br />
In accordance with the powers given to it by the Constitution, the National Assembly establishes a range of committees with assigned powers and functions.&nbsp;</p>

<p>There is a portfolio committee for each corresponding government department. A committee deliberates on bills covering the department&rsquo;s area of jurisdiction and scrutinises and report on its annual budget and strategic plan. As the people&rsquo;s representatives, Members of the committees determine whether government departments are delivering on what they promised and whether they are spending the public money they receive in a responsible manner. As part of their oversight work, committees may also do site visits where they find out directly from the people at ground level whether the government is delivering on its promises.</p>

<p>If a committee reports on a matter and makes certain recommendations, that report will be debated in a full sitting or plenary to give other Members of the House an opportunity to engage with the content of the report. Once the report has been debated, the House decides whether to adopt the committee&rsquo;s recommendations. The House may also decide only to note the report, or it may refer the report back to the committee with an instruction to do further work.&nbsp;</p>

<p><strong>Committee Membership</strong></p>

<p>Committee membership is distributed among the parties roughly in proportion to the seats they get in Parliament, so if a party wins 20% of the seats, its MPs will occupy about 20% of committee positions</p>

<p>NA Committee are comprised of 11 Members. The composition is as follows: ANC (5); DA (3); MK (2); EFF (1) &amp; other parties (4). The four largest parties were given permanent positions, and the 14 other parties are grouped together to share the remaining slots.</p>

<p>Read more:&nbsp;&nbsp;<a href=""https://pmg.org.za/blog/Committees%20in%20the%20Seventh%20Parliament:%20Critical%20Forums%20for%20Oversight"">Committees in the Seventh Parliament: Critical Forums for Oversight</a></p>

<p><br />
<strong>Working in Committees allows Parliament to:</strong></p>

<ul>
	<li>Increase the amount of work that can be done</li>
	<li>Ensure that issues can be debated in more detail than in plenary sessions</li>
	<li>Increase the level of participation of Members of Parliament (MPs) in discussions</li>
	<li>Enable MPs to develop expertise and in-depth knowledge of the specific Committee&#39;s area of work</li>
	<li>Provide a platform for the public to present views directly to MPs, something which is not possible in a plenary sitting of Parliament</li>
	<li>Provide an environment for Parliament to hear evidence and collect information related to the work of a specific Committee</li>
</ul>

<p><strong>Powers</strong></p>

<p>Rule 167 of the&nbsp;<a href=""https://pmg.org.za/page/rules-parliament-guide-procedure"" target=""_blank"">National Assembly Rules (9th Edition)</a>&nbsp;say that for the purposes of performing its functions&nbsp; committee may, subject to the Constitution, legislation, the other provisions of these rules and resolutions of the Assembly:&nbsp;</p>

<ul>
	<li>Summon any person to appear before it to give evidence on oath or affirmation, or to produce documents</li>
	<li>Receive petitions, representations or submissions from interested persons or institutions</li>
	<li>Permit oral evidence on petitions, representations, submissions and any other matter before the committee</li>
	<li>Conduct public hearings</li>
	<li>Consult any Assembly or Council committee or subcommittee, or any joint committee or subcommittee</li>
	<li>Determine its own working arrangements</li>
	<li>Meet at a venue determined by it, which may be a venue beyond the seat of Parliament</li>
	<li>Meet on any and at any time, including on a day which is not a working day; on a day on which the Assembly is not sitting; at a time when the Assembly is not sitting, or during a recess.&nbsp;</li>
	<li>Exercise any other powers assigned to it by the Constitution, legislation, the other provisions of these rules or resolutions of the Assembly</li>
</ul>

<p><strong>Committees in Practice</strong></p>

<p>With the agreement of members, the Committee staff sets the dates and times of committee meetings. The frequency of committee meetings is determined by a committee&rsquo;s work programme but it is normal for a committee to meet weekly. From time to time, committees can meet more than once a week if they work programme so demands.</p>

<p>Section 59(1)(b) of the Constitution requires that the National Assembly and its committees conduct their business in an open manner and hold their sittings in public. Section 59(2) states that the National Assembly may not exclude the public or the media unless it is &lsquo;<em>reasonable and justifiable to do so in an open and democratic society&rsquo;.&nbsp;</em>Rule 184(2) of the Rules of the National Assembly further require that any decision to exclude the public from a committee meeting or part thereof must be taken &lsquo;after due consideration&rsquo; by that committee</p>

<p><strong>Who attends Committee Meetings:</strong></p>

<ul>
	<li>MPs (those assigned to the committee and if they so wish, any other MP)</li>
	<li>Committee Staff: Committee Secretary, Committee Assistant, Researcher, Content Advisor</li>
	<li>Departments, entities, organizations, individuals and experts who are invited by the Committee to speak and be questioned</li>
	<li>Parliamentary Legal Advisor (from time to time)</li>
	<li>Media</li>
	<li>General Public</li>
</ul>

<p><br />
&nbsp;</p>

<p><strong>THE DIFFERENT COMMITTEES OF PARLIAMENT</strong><br />
<br />
<strong>Portfolio Committees</strong><br />
The National Assembly (NA) appoints from among its members a number of Portfolio Committees to shadow the work of the various national government departments.</p>

<p><strong>Select Committees</strong><br />
The National Council of Provinces (NCOP) appoints from its permanent members a number of Select Committees to shadow the work of the various national government departments and to deal with Bills.<br />
<br />
Because only 54 of the 90 NCOP Members are permanent delegates compared to the 400 of the NA, the Select Committees oversee the work of more than one national government department.<br />
<br />
<strong>Public Accounts Committees</strong><br />
The National Assembly Standing Committee on Public Accounts acts as Parliament&#39;s watchdog over the way taxpayers&#39; money is spent by the Executive. Every year the Auditor-General tables reports on the accounts and financial management of the various government departments and State institutions.<br />
<br />
Heads of government departments and institutions are regularly called by this committee to report and account for expenditure. The Committee can recommend that the National Assembly takes corrective actions if necessary.<br />
<br />
<strong>Internal Committees</strong><br />
The National Assembly has a number of internal committees that deal with matters affecting the running of Parliament. The Committees normally consist of senior Members of Parliament. The Rules Committee and its sub-committees deal with House rules. There are structures to deal with support for Members, internal arrangements, disciplinary matters and powers and privileges of members. Other internal Committees are the Programme Committee that plans the work of the Assembly, the Disciplinary Committee, and the Committee of Chairpersons.<br />
<br />
The National Council of Provinces also has its own domestic Committees. The Rules Committee and its subcommittees deal with the NCOP rules. There are structures to deal with support for Members, internal arrangements, disciplinary matters and powers and privileges of members. The Programme Committee plans the work of the NCOP and the Committee of Chairpersons make recommendations about the functioning of Committees and other NCOP forums.<br />
<br />
<strong>Ad hoc Committees</strong><br />
Parliament or one of its Houses may appoint an ad hoc (temporary) Committee when a special task must be done. When the task is complete, the Committee is dissolved.<br />
<br />
<strong>Joint Committees</strong><br />
The National Assembly and the National Council of Provinces together appoint several joint committees. There are currently six Joint Committees:<br />
<br />
<strong>Committees play a very important role in the process of building democracy and involving the public in the processes and activities of Parliament.</strong></p>","<p><strong>Secretary of Committee</strong></p>

<p>Lwazi Ben</p>

<p>Tel: 021 403 8277</p>

<p>Cell: 060 550 9901</p>

<p>E-mail: lben@parliament.gov.za</p>

<p><strong>Chairperson&rsquo;s Secretary</strong></p>

<p>Nonzwakazi Stemele</p>

<p>Cell:083 709 8496</p>

<p>Email:&nbsp;nstemele@parliament.gov.za</p>

<p>&nbsp;</p>",false,3,false,24,"October 8, 2015, 1:27 PM","August 26, 2025, 1:07 PM",true,,true
28,Basic Education,"<p><strong>Oversight responsibility of Basic Education Portfolio Committee</strong></p>

<p>The Basic Education Portfolio Committee oversees the Department of Basic Education and its statutory entities:&nbsp;</p>

<p><a href=""https://www.umalusi.org.za/"">Umalusi</a></p>

<p><a href=""https://www.sace.org.za/"">SA Council of Educators</a></p>

<p>The Committee is mandated to:&nbsp;</p>

<ul>
	<li>consider, amend and/or initiate legislation that is specific to, or impacts on Basic Education</li>
	<li>consider and review the strategic plans and budgets of the Department and its entities.</li>
	<li>monitor and oversee the activities, financial and non-financial performance of&nbsp;the Department and its entities.</li>
	<li>monitor and oversee the implementation of the Department&rsquo;s policies and legislation</li>
	<li>consider sector-related international treaties and agreements; and</li>
	<li>provide a platform for the public to participate and present views on specific topics and/or legislation in relation to basic education.</li>
</ul>

<p>Learn more about the work of this Committee:&nbsp;<a href=""https://pmg.org.za/page/LegacyReports"" target=""_blank"">Legacy Reports</a></p>

<p><strong>The role and functions of Committees in Parliament</strong><br />
In accordance with the powers given to it by the Constitution, the National Assembly establishes a range of committees with assigned powers and functions.&nbsp;</p>

<p>There is a portfolio committee for each corresponding government department. A committee deliberates on bills covering the department&rsquo;s area of jurisdiction and scrutinises and report on its annual budget and strategic plan. As the people&rsquo;s representatives, Members of the committees determine whether government departments are delivering on what they promised and whether they are spending the public money they receive in a responsible manner. As part of their oversight work, committees may also do site visits where they find out directly from the people at ground level whether the government is delivering on its promises.</p>

<p>If a committee reports on a matter and makes certain recommendations, that report will be debated in a full sitting or plenary to give other Members of the House an opportunity to engage with the content of the report. Once the report has been debated, the House decides whether to adopt the committee&rsquo;s recommendations. The House may also decide only to note the report, or it may refer the report back to the committee with an instruction to do further work.&nbsp;</p>

<p><strong>Committee Membership</strong></p>

<p>Committee membership is distributed among the parties roughly in proportion to the seats they get in Parliament, so if a party wins 20% of the seats, its MPs will occupy about 20% of committee positions</p>

<p>NA Committee are comprised of 11 Members. The composition is as follows: ANC (5); DA (3); MK (2); EFF (1) &amp; other parties (4). The four largest parties were given permanent positions, and the 14 other parties are grouped together to share the remaining slots.</p>

<p>Read more:&nbsp;&nbsp;<a href=""https://pmg.org.za/blog/Committees%20in%20the%20Seventh%20Parliament:%20Critical%20Forums%20for%20Oversight"">Committees in the Seventh Parliament: Critical Forums for Oversight</a></p>

<p><br />
<strong>Working in Committees allows Parliament to:</strong></p>

<ul>
	<li>Increase the amount of work that can be done</li>
	<li>Ensure that issues can be debated in more detail than in plenary sessions</li>
	<li>Increase the level of participation of Members of Parliament (MPs) in discussions</li>
	<li>Enable MPs to develop expertise and in-depth knowledge of the specific Committee&#39;s area of work</li>
	<li>Provide a platform for the public to present views directly to MPs, something which is not possible in a plenary sitting of Parliament</li>
	<li>Provide an environment for Parliament to hear evidence and collect information related to the work of a specific Committee</li>
</ul>

<p><strong>Powers</strong></p>

<p>Rule 167 of the&nbsp;<a href=""https://pmg.org.za/page/rules-parliament-guide-procedure"" target=""_blank"">National Assembly Rules (9th Edition)</a>&nbsp;say that for the purposes of performing its functions&nbsp; committee may, subject to the Constitution, legislation, the other provisions of these rules and resolutions of the Assembly:&nbsp;</p>

<ul>
	<li>Summon any person to appear before it to give evidence on oath or affirmation, or to produce documents</li>
	<li>Receive petitions, representations or submissions from interested persons or institutions</li>
	<li>Permit oral evidence on petitions, representations, submissions and any other matter before the committee</li>
	<li>Conduct public hearings</li>
	<li>Consult any Assembly or Council committee or subcommittee, or any joint committee or subcommittee</li>
	<li>Determine its own working arrangements</li>
	<li>Meet at a venue determined by it, which may be a venue beyond the seat of Parliament</li>
	<li>Meet on any and at any time, including on a day which is not a working day; on a day on which the Assembly is not sitting; at a time when the Assembly is not sitting, or during a recess.&nbsp;</li>
	<li>Exercise any other powers assigned to it by the Constitution, legislation, the other provisions of these rules or resolutions of the Assembly</li>
</ul>

<p><strong>Committees in Practice</strong></p>

<p>With the agreement of members, the Committee staff sets the dates and times of committee meetings. The frequency of committee meetings is determined by a committee&rsquo;s work programme but it is normal for a committee to meet weekly. From time to time, committees can meet more than once a week if they work programme so demands.</p>

<p>Section 59(1)(b) of the Constitution requires that the National Assembly and its committees conduct their business in an open manner and hold their sittings in public. Section 59(2) states that the National Assembly may not exclude the public or the media unless it is &lsquo;<em>reasonable and justifiable to do so in an open and democratic society&rsquo;.&nbsp;</em>Rule 184(2) of the Rules of the National Assembly further require that any decision to exclude the public from a committee meeting or part thereof must be taken &lsquo;after due consideration&rsquo; by that committee</p>

<p><strong>Who attends Committee Meetings:</strong></p>

<ul>
	<li>MPs (those assigned to the committee and if they so wish, any other MP)</li>
	<li>Committee Staff: Committee Secretary, Committee Assistant, Researcher, Content Advisor</li>
	<li>Departments, entities, organizations, individuals and experts who are invited by the Committee to speak and be questioned</li>
	<li>Parliamentary Legal Advisor (from time to time)</li>
	<li>Media</li>
	<li>General Public</li>
</ul>

<p><br />
&nbsp;</p>

<p><strong>THE DIFFERENT COMMITTEES OF PARLIAMENT</strong><br />
<br />
<strong>Portfolio Committees</strong><br />
The National Assembly (NA) appoints from among its members a number of Portfolio Committees to shadow the work of the various national government departments.</p>

<p><strong>Select Committees</strong><br />
The National Council of Provinces (NCOP) appoints from its permanent members a number of Select Committees to shadow the work of the various national government departments and to deal with Bills.<br />
<br />
Because only 54 of the 90 NCOP Members are permanent delegates compared to the 400 of the NA, the Select Committees oversee the work of more than one national government department.<br />
<br />
<strong>Public Accounts Committees</strong><br />
The National Assembly Standing Committee on Public Accounts acts as Parliament&#39;s watchdog over the way taxpayers&#39; money is spent by the Executive. Every year the Auditor-General tables reports on the accounts and financial management of the various government departments and State institutions.<br />
<br />
Heads of government departments and institutions are regularly called by this committee to report and account for expenditure. The Committee can recommend that the National Assembly takes corrective actions if necessary.<br />
<br />
<strong>Internal Committees</strong><br />
The National Assembly has a number of internal committees that deal with matters affecting the running of Parliament. The Committees normally consist of senior Members of Parliament. The Rules Committee and its sub-committees deal with House rules. There are structures to deal with support for Members, internal arrangements, disciplinary matters and powers and privileges of members. Other internal Committees are the Programme Committee that plans the work of the Assembly, the Disciplinary Committee, and the Committee of Chairpersons.<br />
<br />
The National Council of Provinces also has its own domestic Committees. The Rules Committee and its subcommittees deal with the NCOP rules. There are structures to deal with support for Members, internal arrangements, disciplinary matters and powers and privileges of members. The Programme Committee plans the work of the NCOP and the Committee of Chairpersons make recommendations about the functioning of Committees and other NCOP forums.<br />
<br />
<strong>Ad hoc Committees</strong><br />
Parliament or one of its Houses may appoint an ad hoc (temporary) Committee when a special task must be done. When the task is complete, the Committee is dissolved.<br />
<br />
<strong>Joint Committees</strong><br />
The National Assembly and the National Council of Provinces together appoint several joint committees. There are currently six Joint Committees:<br />
<br />
<strong>Committees play a very important role in the process of building democracy and involving the public in the processes and activities of Parliament.</strong></p>","<p><strong>Secretary of Committee</strong>:</p>

<p>Llewellyn Brown</p>

<p>Tel: 021 403 3764</p>

<p>Cell: 083 709 8450</p>

<p>Email: lbrown@parliament.gov.za</p>

<p><strong>Chairperson&rsquo;s Secretary</strong></p>

<p>Rowena Nourse&nbsp;</p>

<p>Tel: 021 403 3174</p>

<p>Cell:&nbsp;083 709 8441</p>

<p>Email:&nbsp;rnourse@parliament.gov.za</p>

<p>&nbsp;</p>",false,3,false,3,"October 8, 2015, 1:27 PM","September 13, 2024, 11:06 AM",true,,true
64,Higher Education,"<p><strong>Oversight responsibility of Higher Education Portfolio Committee</strong></p>

<p>The Higher Education Portfolio Committee is responsible for oversight of the Department of<strong> </strong>Higher Education as well as the following statutory entities:</p>

<p><a href=""https://www.agriseta.co.za/"">Agriculture Sector Education and Training Authority</a></p>

<p><a href=""https://www.bankseta.org.za/"">Banking Sector Education and Training Authority</a></p>

<p><a href=""https://www.ceta.org.za/"">Construction Sector Education and Training Authority</a></p>

<p><a href=""http://www.che.ac.ls/"">Council on Higher Education</a></p>

<p><a href=""https://www.chieta.org.za/"">Chemical Industries Education and Training Authority</a></p>

<p><a href=""https://cathsseta.org.za/"">Culture, Arts, Tourism, Hospitality and Sports Sector Education and Training Authority</a></p>

<p><a href=""https://ewseta.org.za/"">Energy and Water Sector Education and Training Authority</a>&nbsp;</p>

<p><a href=""http://www.etdpseta.org.za/education/"">Education, Training and Development Practices Sector Education and Training Authority</a></p>

<p><a href=""https://www.fpmseta.org.za/default.aspx"">Fibre, Processing and Manufacturing Sector education and Training Authority</a></p>

<p><a href=""https://www.fasset.org.za/"">Financial and Accounting Services Sector Education and Training Authority</a></p>

<p><a href=""http://www.foodbev.co.za/"">Food and Beverages Sector Education and Training Authority</a></p>

<p><a href=""http://www.hwseta.org.za/"">Health and Welfare Sector Education and Training Authority</a></p>

<p><a href=""https://www.inseta.org.za/"">Insurance Sector Education and Training Authority</a></p>

<p><a href=""https://lgseta.org.za/"">Local Government Sector Education and Training Authority</a></p>

<p><a href=""http://www.merseta.org.za"">Manufacturing, Engineering and Related Services Sector Education and Training Authority</a></p>

<p><a href=""https://www.mict.org.za/"">Media, Information and Communication Technologies Sector Education and Training Authority</a></p>

<p><a href=""https://www.mqa.org.za/"">Mining Qualifications Authority</a></p>

<p>National Skills Fund</p>

<p><a href=""http://www.nsfas.org.za/content/"">National Student Financial Aid Scheme</a></p>

<p><a href=""http://www.pseta.org.za/"">Public Service Sector Education and Training Authority</a></p>

<p><a href=""https://www.qcto.org.za/"">Quality Council for Trades and Occupation</a></p>

<p>Safety and Security Sector Education and Training Authority</p>

<p><a href=""https://www.servicesseta.org.za/"">Services Sector Education and Training Authority</a></p>

<p><a href=""https://www.saqa.org.za/"">SA Qualifications Authority</a></p>

<p><a href=""https://www.teta.org.za/"">Transport Education and Training Authority</a></p>

<p><a href=""https://www.wrseta.org.za/"">Wholesale and Retail Sector Education and Training Authority</a></p>

<p>The Committee is mandated to:&nbsp;</p>

<ul>
	<li>consider, amend and/or initiate legislation that is specific to, or impacts on Higher Education<strong>.</strong></li>
	<li>consider and review the strategic plans and budgets of the Department and its entities.</li>
	<li>monitor and oversee the activities, financial and non-financial performance of the Ministry and its entities.</li>
	<li>monitor and oversee the implementation of the Department&rsquo;s policies and legislation</li>
	<li>consider sector-related international treaties and agreements; and</li>
	<li>provide a platform for the public to participate and present views on specific topics and/or legislation in relation to higher education.&nbsp;</li>
</ul>

<p>Learn more about the work of this Committee:&nbsp;<a href=""https://pmg.org.za/page/LegacyReports"" target=""_blank"">Legacy Reports</a></p>

<p><strong>The role and functions of Committees in Parliament</strong><br />
In accordance with the powers given to it by the Constitution, the National Assembly establishes a range of committees with assigned powers and functions.&nbsp;</p>

<p>There is a portfolio committee for each corresponding government department. A committee deliberates on bills covering the department&rsquo;s area of jurisdiction and scrutinises and report on its annual budget and strategic plan. As the people&rsquo;s representatives, Members of the committees determine whether government departments are delivering on what they promised and whether they are spending the public money they receive in a responsible manner. As part of their oversight work, committees may also do site visits where they find out directly from the people at ground level whether the government is delivering on its promises.</p>

<p>If a committee reports on a matter and makes certain recommendations, that report will be debated in a full sitting or plenary to give other Members of the House an opportunity to engage with the content of the report. Once the report has been debated, the House decides whether to adopt the committee&rsquo;s recommendations. The House may also decide only to note the report, or it may refer the report back to the committee with an instruction to do further work.&nbsp;</p>

<p><strong>Committee Membership</strong></p>

<p>Committee membership is distributed among the parties roughly in proportion to the seats they get in Parliament, so if a party wins 20% of the seats, its MPs will occupy about 20% of committee positions</p>

<p>NA Committee are comprised of 11 Members. The composition is as follows: ANC (5); DA (3); MK (2); EFF (1) &amp; other parties (4). The four largest parties were given permanent positions, and the 14 other parties are grouped together to share the remaining slots.</p>

<p>Read more:&nbsp;&nbsp;<a href=""https://pmg.org.za/blog/Committees%20in%20the%20Seventh%20Parliament:%20Critical%20Forums%20for%20Oversight"">Committees in the Seventh Parliament: Critical Forums for Oversight</a></p>

<p><br />
<strong>Working in Committees allows Parliament to:</strong></p>

<ul>
	<li>Increase the amount of work that can be done</li>
	<li>Ensure that issues can be debated in more detail than in plenary sessions</li>
	<li>Increase the level of participation of Members of Parliament (MPs) in discussions</li>
	<li>Enable MPs to develop expertise and in-depth knowledge of the specific Committee&#39;s area of work</li>
	<li>Provide a platform for the public to present views directly to MPs, something which is not possible in a plenary sitting of Parliament</li>
	<li>Provide an environment for Parliament to hear evidence and collect information related to the work of a specific Committee</li>
</ul>

<p><strong>Powers</strong></p>

<p>Rule 167 of the&nbsp;<a href=""https://pmg.org.za/page/rules-parliament-guide-procedure"" target=""_blank"">National Assembly Rules (9th Edition)</a>&nbsp;say that for the purposes of performing its functions&nbsp; committee may, subject to the Constitution, legislation, the other provisions of these rules and resolutions of the Assembly:&nbsp;</p>

<ul>
	<li>Summon any person to appear before it to give evidence on oath or affirmation, or to produce documents</li>
	<li>Receive petitions, representations or submissions from interested persons or institutions</li>
	<li>Permit oral evidence on petitions, representations, submissions and any other matter before the committee</li>
	<li>Conduct public hearings</li>
	<li>Consult any Assembly or Council committee or subcommittee, or any joint committee or subcommittee</li>
	<li>Determine its own working arrangements</li>
	<li>Meet at a venue determined by it, which may be a venue beyond the seat of Parliament</li>
	<li>Meet on any and at any time, including on a day which is not a working day; on a day on which the Assembly is not sitting; at a time when the Assembly is not sitting, or during a recess.&nbsp;</li>
	<li>Exercise any other powers assigned to it by the Constitution, legislation, the other provisions of these rules or resolutions of the Assembly</li>
</ul>

<p><strong>Committees in Practice</strong></p>

<p>With the agreement of members, the Committee staff sets the dates and times of committee meetings. The frequency of committee meetings is determined by a committee&rsquo;s work programme but it is normal for a committee to meet weekly. From time to time, committees can meet more than once a week if they work programme so demands.</p>

<p>Section 59(1)(b) of the Constitution requires that the National Assembly and its committees conduct their business in an open manner and hold their sittings in public. Section 59(2) states that the National Assembly may not exclude the public or the media unless it is &lsquo;<em>reasonable and justifiable to do so in an open and democratic society&rsquo;.&nbsp;</em>Rule 184(2) of the Rules of the National Assembly further require that any decision to exclude the public from a committee meeting or part thereof must be taken &lsquo;after due consideration&rsquo; by that committee</p>

<p><strong>Who attends Committee Meetings:</strong></p>

<ul>
	<li>MPs (those assigned to the committee and if they so wish, any other MP)</li>
	<li>Committee Staff: Committee Secretary, Committee Assistant, Researcher, Content Advisor</li>
	<li>Departments, entities, organizations, individuals and experts who are invited by the Committee to speak and be questioned</li>
	<li>Parliamentary Legal Advisor (from time to time)</li>
	<li>Media</li>
	<li>General Public</li>
</ul>

<p><br />
&nbsp;</p>

<p><strong>THE DIFFERENT COMMITTEES OF PARLIAMENT</strong><br />
<br />
<strong>Portfolio Committees</strong><br />
The National Assembly (NA) appoints from among its members a number of Portfolio Committees to shadow the work of the various national government departments.</p>

<p><strong>Select Committees</strong><br />
The National Council of Provinces (NCOP) appoints from its permanent members a number of Select Committees to shadow the work of the various national government departments and to deal with Bills.<br />
<br />
Because only 54 of the 90 NCOP Members are permanent delegates compared to the 400 of the NA, the Select Committees oversee the work of more than one national government department.<br />
<br />
<strong>Public Accounts Committees</strong><br />
The National Assembly Standing Committee on Public Accounts acts as Parliament&#39;s watchdog over the way taxpayers&#39; money is spent by the Executive. Every year the Auditor-General tables reports on the accounts and financial management of the various government departments and State institutions.<br />
<br />
Heads of government departments and institutions are regularly called by this committee to report and account for expenditure. The Committee can recommend that the National Assembly takes corrective actions if necessary.<br />
<br />
<strong>Internal Committees</strong><br />
The National Assembly has a number of internal committees that deal with matters affecting the running of Parliament. The Committees normally consist of senior Members of Parliament. The Rules Committee and its sub-committees deal with House rules. There are structures to deal with support for Members, internal arrangements, disciplinary matters and powers and privileges of members. Other internal Committees are the Programme Committee that plans the work of the Assembly, the Disciplinary Committee, and the Committee of Chairpersons.<br />
<br />
The National Council of Provinces also has its own domestic Committees. The Rules Committee and its subcommittees deal with the NCOP rules. There are structures to deal with support for Members, internal arrangements, disciplinary matters and powers and privileges of members. The Programme Committee plans the work of the NCOP and the Committee of Chairpersons make recommendations about the functioning of Committees and other NCOP forums.<br />
<br />
<strong>Ad hoc Committees</strong><br />
Parliament or one of its Houses may appoint an ad hoc (temporary) Committee when a special task must be done. When the task is complete, the Committee is dissolved.<br />
<br />
<strong>Joint Committees</strong><br />
The National Assembly and the National Council of Provinces together appoint several joint committees. There are currently six Joint Committees:<br />
<br />
<strong>Committees play a very important role in the process of building democracy and involving the public in the processes and activities of Parliament.</strong></p>

<p>&nbsp;</p>","<p><strong>Secretaries&nbsp;of Committee</strong>:</p>

<p>Anele Kabingesi</p>

<p>Tel: 021 403 3760</p>

<p>Cell: 083 412 1585</p>

<p>Email: akabingesi@parliament.gov.za</p>

<p><strong>Chairperson&rsquo;s Secretary</strong></p>

<p>Mrs T Kleinhans</p>

<p>Tel: 021 403 2843</p>

<p>Cell:&nbsp;083 707 2184</p>

<p>Email:&nbsp;tkleinhans@parliament.gov.za</p>

<p>&nbsp;</p>",false,3,false,13,"October 8, 2015, 1:27 PM","September 13, 2024, 12:23 PM",true,,true
87,Defence and Military Veterans,"<p><strong>Oversight responsibility of Defence and Military Veterans Portfolio Committee</strong></p>

<p>The Defence and Military Veterans Portfolio Committee is responsible for oversight of the Department of Defence and Military Veterans as well as the following statutory entities:</p>

<p><a href=""http://www.armscor.co.za/"">ARMSCOR</a></p>

<p>Castle Control Board</p>

<p>&nbsp;Defence Force Service Commission</p>

<p><a href=""https://www.milombud.org/"">Military Ombud</a></p>

<p><a href=""https://www.rfcsa.org/"">Reserve Force Council&nbsp;</a></p>

<p>The Committee is mandated to:&nbsp;</p>

<ul>
	<li>consider, amend and/or initiate legislation that is specific to, or impacts on Defence</li>
	<li>consider and review the strategic plans and budgets of the Department and its entities.</li>
	<li>monitor and oversee the activities, financial and non-financial performance of the Ministry and its entities.</li>
	<li>monitor and oversee the implementation of the Department&rsquo;s policies and legislation</li>
	<li>consider sector-related international treaties and agreements; and</li>
	<li>provide a platform for the public to participate and present views on specific topics and/or legislation in relation to the defence sector and the welfare of military veterans.</li>
</ul>

<p>Learn more about the work of this Committee:&nbsp;<a href=""https://pmg.org.za/page/LegacyReports"" target=""_blank"">Legacy Reports</a></p>

<p><strong>The role and functions of Committees in Parliament</strong><br />
In accordance with the powers given to it by the Constitution, the National Assembly establishes a range of committees with assigned powers and functions.&nbsp;</p>

<p>There is a portfolio committee for each corresponding government department. A committee deliberates on bills covering the department&rsquo;s area of jurisdiction and scrutinises and report on its annual budget and strategic plan. As the people&rsquo;s representatives, Members of the committees determine whether government departments are delivering on what they promised and whether they are spending the public money they receive in a responsible manner. As part of their oversight work, committees may also do site visits where they find out directly from the people at ground level whether the government is delivering on its promises.</p>

<p>If a committee reports on a matter and makes certain recommendations, that report will be debated in a full sitting or plenary to give other Members of the House an opportunity to engage with the content of the report. Once the report has been debated, the House decides whether to adopt the committee&rsquo;s recommendations. The House may also decide only to note the report, or it may refer the report back to the committee with an instruction to do further work.&nbsp;</p>

<p><strong>Committee Membership</strong></p>

<p>Committee membership is distributed among the parties roughly in proportion to the seats they get in Parliament, so if a party wins 20% of the seats, its MPs will occupy about 20% of committee positions</p>

<p>NA Committee are comprised of 11 Members. The composition is as follows: ANC (5); DA (3); MK (2); EFF (1) &amp; other parties (4). The four largest parties were given permanent positions, and the 14 other parties are grouped together to share the remaining slots.</p>

<p>Read more:&nbsp;&nbsp;<a href=""https://pmg.org.za/blog/Committees%20in%20the%20Seventh%20Parliament:%20Critical%20Forums%20for%20Oversight"">Committees in the Seventh Parliament: Critical Forums for Oversight</a></p>

<p><br />
<strong>Working in Committees allows Parliament to:</strong></p>

<ul>
	<li>Increase the amount of work that can be done</li>
	<li>Ensure that issues can be debated in more detail than in plenary sessions</li>
	<li>Increase the level of participation of Members of Parliament (MPs) in discussions</li>
	<li>Enable MPs to develop expertise and in-depth knowledge of the specific Committee&#39;s area of work</li>
	<li>Provide a platform for the public to present views directly to MPs, something which is not possible in a plenary sitting of Parliament</li>
	<li>Provide an environment for Parliament to hear evidence and collect information related to the work of a specific Committee</li>
</ul>

<p><strong>Powers</strong></p>

<p>Rule 167 of the&nbsp;<a href=""https://pmg.org.za/page/rules-parliament-guide-procedure"" target=""_blank"">National Assembly Rules (9th Edition)</a>&nbsp;say that for the purposes of performing its functions&nbsp; committee may, subject to the Constitution, legislation, the other provisions of these rules and resolutions of the Assembly:&nbsp;</p>

<ul>
	<li>Summon any person to appear before it to give evidence on oath or affirmation, or to produce documents</li>
	<li>Receive petitions, representations or submissions from interested persons or institutions</li>
	<li>Permit oral evidence on petitions, representations, submissions and any other matter before the committee</li>
	<li>Conduct public hearings</li>
	<li>Consult any Assembly or Council committee or subcommittee, or any joint committee or subcommittee</li>
	<li>Determine its own working arrangements</li>
	<li>Meet at a venue determined by it, which may be a venue beyond the seat of Parliament</li>
	<li>Meet on any and at any time, including on a day which is not a working day; on a day on which the Assembly is not sitting; at a time when the Assembly is not sitting, or during a recess.&nbsp;</li>
	<li>Exercise any other powers assigned to it by the Constitution, legislation, the other provisions of these rules or resolutions of the Assembly</li>
</ul>

<p><strong>Committees in Practice</strong></p>

<p>With the agreement of members, the Committee staff sets the dates and times of committee meetings. The frequency of committee meetings is determined by a committee&rsquo;s work programme but it is normal for a committee to meet weekly. From time to time, committees can meet more than once a week if they work programme so demands.</p>

<p>Section 59(1)(b) of the Constitution requires that the National Assembly and its committees conduct their business in an open manner and hold their sittings in public. Section 59(2) states that the National Assembly may not exclude the public or the media unless it is &lsquo;<em>reasonable and justifiable to do so in an open and democratic society&rsquo;.&nbsp;</em>Rule 184(2) of the Rules of the National Assembly further require that any decision to exclude the public from a committee meeting or part thereof must be taken &lsquo;after due consideration&rsquo; by that committee</p>

<p><strong>Who attends Committee Meetings:</strong></p>

<ul>
	<li>MPs (those assigned to the committee and if they so wish, any other MP)</li>
	<li>Committee Staff: Committee Secretary, Committee Assistant, Researcher, Content Advisor</li>
	<li>Departments, entities, organizations, individuals and experts who are invited by the Committee to speak and be questioned</li>
	<li>Parliamentary Legal Advisor (from time to time)</li>
	<li>Media</li>
	<li>General Public</li>
</ul>

<p><br />
&nbsp;</p>

<p><strong>THE DIFFERENT COMMITTEES OF PARLIAMENT</strong><br />
<br />
<strong>Portfolio Committees</strong><br />
The National Assembly (NA) appoints from among its members a number of Portfolio Committees to shadow the work of the various national government departments.</p>

<p><strong>Select Committees</strong><br />
The National Council of Provinces (NCOP) appoints from its permanent members a number of Select Committees to shadow the work of the various national government departments and to deal with Bills.<br />
<br />
Because only 54 of the 90 NCOP Members are permanent delegates compared to the 400 of the NA, the Select Committees oversee the work of more than one national government department.<br />
<br />
<strong>Public Accounts Committees</strong><br />
The National Assembly Standing Committee on Public Accounts acts as Parliament&#39;s watchdog over the way taxpayers&#39; money is spent by the Executive. Every year the Auditor-General tables reports on the accounts and financial management of the various government departments and State institutions.<br />
<br />
Heads of government departments and institutions are regularly called by this committee to report and account for expenditure. The Committee can recommend that the National Assembly takes corrective actions if necessary.<br />
<br />
<strong>Internal Committees</strong><br />
The National Assembly has a number of internal committees that deal with matters affecting the running of Parliament. The Committees normally consist of senior Members of Parliament. The Rules Committee and its sub-committees deal with House rules. There are structures to deal with support for Members, internal arrangements, disciplinary matters and powers and privileges of members. Other internal Committees are the Programme Committee that plans the work of the Assembly, the Disciplinary Committee, and the Committee of Chairpersons.<br />
<br />
The National Council of Provinces also has its own domestic Committees. The Rules Committee and its subcommittees deal with the NCOP rules. There are structures to deal with support for Members, internal arrangements, disciplinary matters and powers and privileges of members. The Programme Committee plans the work of the NCOP and the Committee of Chairpersons make recommendations about the functioning of Committees and other NCOP forums.<br />
<br />
<strong>Ad hoc Committees</strong><br />
Parliament or one of its Houses may appoint an ad hoc (temporary) Committee when a special task must be done. When the task is complete, the Committee is dissolved.<br />
<br />
<strong>Joint Committees</strong><br />
The National Assembly and the National Council of Provinces together appoint several joint committees. There are currently six Joint Committees:<br />
<br />
<strong>Committees play a very important role in the process of building democracy and involving the public in the processes and activities of Parliament.</strong></p>","<p><strong>Secretary of Committee</strong>:<br />
Amanda Zindlani<br />
Tel: 021 403 8451<br />
Cell:060 550 9754<br />
Email: azindlani@parliament.gov.za</p>

<p><strong>Chairperson&rsquo;s Secretary</strong></p>

<p>Rethoma Michaels</p>

<p>Tel: 021&nbsp;403 3050</p>

<p>Cell:&nbsp;083 709 8429</p>

<p>Email:&nbsp;rmichaels@parliament.gov.za</p>

<p>&nbsp;</p>",false,3,true,7,"October 8, 2015, 1:27 PM","April 28, 2026, 6:47 AM",true,,true
37,Agriculture,"<p><strong>Oversight responsibility of Agriculture Portfolio Committee</strong></p>

<p>The Agriculture Portfolio Committee oversees the Department of Agriculture and its statutory entities:&nbsp;</p>

<p><a href=""http://www.arc.agric.za/Pages/Home.aspx"">Agricultural Research Council</a>&nbsp;(ARC)&nbsp;<br />
<a href=""https://www.namc.co.za/"">National Agricultural Marketing Council</a>&nbsp;(NAMC)<br />
<a href=""https://ppecb.com/"">Perishable Products Export Control Board</a>&nbsp;(PPECB)<br />
<a href=""https://www.obpvaccines.co.za/"">Onderstepoort Biological Products Limited</a>&nbsp;(OBP)</p>

<p>The Committee is mandated to:&nbsp;</p>

<ul>
	<li>consider, amend and/or initiate legislation that is specific to, or impacts on Agriculture</li>
	<li>consider and review the strategic plans and budgets of the Department and its entities.</li>
	<li>monitor and oversee the activities, financial and non-financial performance of the Ministry of Agriculture, including the Department and its entities.</li>
	<li>monitor and oversee the implementation of the Department&rsquo;s policies and legislation</li>
	<li>consider sector-related international treaties and agreements; and</li>
	<li>provide a platform for the public to participate and present views on specific topics and/or legislation in relation to the agricultural sector.</li>
</ul>

<p>Learn more about the work of this Committee:&nbsp;<a href=""https://pmg.org.za/page/LegacyReports"" target=""_blank"">Legacy Reports</a></p>

<p><strong>The role and functions of Committees in Parliament</strong><br />
In accordance with the powers given to it by the Constitution, the National Assembly establishes a range of committees with assigned powers and functions.&nbsp;</p>

<p>There is a portfolio committee for each corresponding government department. A committee deliberates on bills covering the department&rsquo;s area of jurisdiction and scrutinises and report on its annual budget and strategic plan. As the people&rsquo;s representatives, Members of the committees determine whether government departments are delivering on what they promised and whether they are spending the public money they receive in a responsible manner. As part of their oversight work, committees may also do site visits where they find out directly from the people at ground level whether the government is delivering on its promises.</p>

<p>If a committee reports on a matter and makes certain recommendations, that report will be debated in a full sitting or plenary to give other Members of the House an opportunity to engage with the content of the report. Once the report has been debated, the House decides whether to adopt the committee&rsquo;s recommendations. The House may also decide only to note the report, or it may refer the report back to the committee with an instruction to do further work.&nbsp;</p>

<p><strong>Committee Membership</strong></p>

<p>Committee membership is distributed among the parties roughly in proportion to the seats they get in Parliament, so if a party wins 20% of the seats, its MPs will occupy about 20% of committee positions</p>

<p>NA Committee are comprised of 11 Members. The composition is as follows: ANC (5); DA (3); MK (2); EFF (1) &amp; other parties (4). The four largest parties were given permanent positions, and the 14 other parties are grouped together to share the remaining slots.</p>

<p>Read more:&nbsp;&nbsp;<a href=""https://pmg.org.za/blog/Committees%20in%20the%20Seventh%20Parliament:%20Critical%20Forums%20for%20Oversight"">Committees in the Seventh Parliament: Critical Forums for Oversight</a></p>

<p><br />
<strong>Working in Committees allows Parliament to:</strong></p>

<ul>
	<li>Increase the amount of work that can be done</li>
	<li>Ensure that issues can be debated in more detail than in plenary sessions</li>
	<li>Increase the level of participation of Members of Parliament (MPs) in discussions</li>
	<li>Enable MPs to develop expertise and in-depth knowledge of the specific Committee&#39;s area of work</li>
	<li>Provide a platform for the public to present views directly to MPs, something which is not possible in a plenary sitting of Parliament</li>
	<li>Provide an environment for Parliament to hear evidence and collect information related to the work of a specific Committee</li>
</ul>

<p><strong>Powers</strong></p>

<p>Rule 167 of the&nbsp;<a href=""https://pmg.org.za/page/rules-parliament-guide-procedure"" target=""_blank"">National Assembly Rules (9th Edition)</a>&nbsp;say that for the purposes of performing its functions&nbsp; committee may, subject to the Constitution, legislation, the other provisions of these rules and resolutions of the Assembly:&nbsp;</p>

<ul>
	<li>Summon any person to appear before it to give evidence on oath or affirmation, or to produce documents</li>
	<li>Receive petitions, representations or submissions from interested persons or institutions</li>
	<li>Permit oral evidence on petitions, representations, submissions and any other matter before the committee</li>
	<li>Conduct public hearings</li>
	<li>Consult any Assembly or Council committee or subcommittee, or any joint committee or subcommittee</li>
	<li>Determine its own working arrangements</li>
	<li>Meet at a venue determined by it, which may be a venue beyond the seat of Parliament</li>
	<li>Meet on any and at any time, including on a day which is not a working day; on a day on which the Assembly is not sitting; at a time when the Assembly is not sitting, or during a recess.&nbsp;</li>
	<li>Exercise any other powers assigned to it by the Constitution, legislation, the other provisions of these rules or resolutions of the Assembly</li>
</ul>

<p><strong>Committees in Practice</strong></p>

<p>With the agreement of members, the Committee staff sets the dates and times of committee meetings. The frequency of committee meetings is determined by a committee&rsquo;s work programme but it is normal for a committee to meet weekly. From time to time, committees can meet more than once a week if they work programme so demands.</p>

<p>Section 59(1)(b) of the Constitution requires that the National Assembly and its committees conduct their business in an open manner and hold their sittings in public. Section 59(2) states that the National Assembly may not exclude the public or the media unless it is &lsquo;<em>reasonable and justifiable to do so in an open and democratic society&rsquo;.&nbsp;</em>Rule 184(2) of the Rules of the National Assembly further require that any decision to exclude the public from a committee meeting or part thereof must be taken &lsquo;after due consideration&rsquo; by that committee</p>

<p><strong>Who attends Committee Meetings:</strong></p>

<ul>
	<li>MPs (those assigned to the committee and if they so wish, any other MP)</li>
	<li>Committee Staff: Committee Secretary, Committee Assistant, Researcher, Content Advisor</li>
	<li>Departments, entities, organizations, individuals and experts who are invited by the Committee to speak and be questioned</li>
	<li>Parliamentary Legal Advisor (from time to time)</li>
	<li>Media</li>
	<li>General Public</li>
</ul>

<p><br />
&nbsp;</p>

<p><strong>THE DIFFERENT COMMITTEES OF PARLIAMENT</strong><br />
<br />
<strong>Portfolio Committees</strong><br />
The National Assembly (NA) appoints from among its members a number of Portfolio Committees to shadow the work of the various national government departments.</p>

<p><strong>Select Committees</strong><br />
The National Council of Provinces (NCOP) appoints from its permanent members a number of Select Committees to shadow the work of the various national government departments and to deal with Bills.<br />
<br />
Because only 54 of the 90 NCOP Members are permanent delegates compared to the 400 of the NA, the Select Committees oversee the work of more than one national government department.<br />
<br />
<strong>Public Accounts Committees</strong><br />
The National Assembly Standing Committee on Public Accounts acts as Parliament&#39;s watchdog over the way taxpayers&#39; money is spent by the Executive. Every year the Auditor-General tables reports on the accounts and financial management of the various government departments and State institutions.<br />
<br />
Heads of government departments and institutions are regularly called by this committee to report and account for expenditure. The Committee can recommend that the National Assembly takes corrective actions if necessary.<br />
<br />
<strong>Internal Committees</strong><br />
The National Assembly has a number of internal committees that deal with matters affecting the running of Parliament. The Committees normally consist of senior Members of Parliament. The Rules Committee and its sub-committees deal with House rules. There are structures to deal with support for Members, internal arrangements, disciplinary matters and powers and privileges of members. Other internal Committees are the Programme Committee that plans the work of the Assembly, the Disciplinary Committee, and the Committee of Chairpersons.<br />
<br />
The National Council of Provinces also has its own domestic Committees. The Rules Committee and its subcommittees deal with the NCOP rules. There are structures to deal with support for Members, internal arrangements, disciplinary matters and powers and privileges of members. The Programme Committee plans the work of the NCOP and the Committee of Chairpersons make recommendations about the functioning of Committees and other NCOP forums.<br />
<br />
<strong>Ad hoc Committees</strong><br />
Parliament or one of its Houses may appoint an ad hoc (temporary) Committee when a special task must be done. When the task is complete, the Committee is dissolved.<br />
<br />
<strong>Joint Committees</strong><br />
The National Assembly and the National Council of Provinces together appoint several joint committees. There are currently six Joint Committees:<br />
<br />
<strong>Committees play a very important role in the process of building democracy and involving the public in the processes and activities of Parliament.</strong></p>","<p><strong>Secretaries&nbsp;of Committee</strong>:</p>

<p>Albertina Kakaza</p>

<p>Tel: 021 403 3765</p>

<p>Cell: 083 709 8391</p>

<p>Email: akakaza@parliament.gov.za</p>

<p><strong>Chairperson&rsquo;s Secretary</strong></p>

<p>Nonzwakazi Stemele</p>

<p>Cell:&nbsp;083 709 8496</p>

<p>Email:&nbsp;nstemele@parliament.gov.za</p>

<p>&nbsp;</p>

<p>&nbsp;</p>

<p>&nbsp;</p>

<p>&nbsp;</p>",false,3,false,1,"October 8, 2015, 1:27 PM","October 21, 2024, 7:54 AM",true,,true
